layer,acc_sum,acc_avg,n,family,variant,model,dataset,max_layer,rel_depth
1,0.14797014925373134,0.10098507462686568,67000,Llama-3.2-1B,base,Llama-3.2-1B,blimp,16,0.0625
2,0.1852686567164179,0.16980597014925375,67000,Llama-3.2-1B,base,Llama-3.2-1B,blimp,16,0.125
3,0.2140597014925373,0.2002089552238806,67000,Llama-3.2-1B,base,Llama-3.2-1B,blimp,16,0.1875
4,0.2322238805970149,0.2207313432835821,67000,Llama-3.2-1B,base,Llama-3.2-1B,blimp,16,0.25
5,0.24232835820895524,0.23132835820895523,67000,Llama-3.2-1B,base,Llama-3.2-1B,blimp,16,0.3125
6,0.25102985074626866,0.2442686567164179,67000,Llama-3.2-1B,base,Llama-3.2-1B,blimp,16,0.375
7,0.2652686567164179,0.2584626865671642,67000,Llama-3.2-1B,base,Llama-3.2-1B,blimp,16,0.4375
8,0.2857611940298508,0.27755223880597013,67000,Llama-3.2-1B,base,Llama-3.2-1B,blimp,16,0.5
9,0.3024179104477612,0.29976119402985074,67000,Llama-3.2-1B,base,Llama-3.2-1B,blimp,16,0.5625
10,0.36259701492537316,0.36659701492537317,67000,Llama-3.2-1B,base,Llama-3.2-1B,blimp,16,0.625
11,0.41461194029850745,0.41622388059701493,67000,Llama-3.2-1B,base,Llama-3.2-1B,blimp,16,0.6875
12,0.4851791044776119,0.4871641791044776,67000,Llama-3.2-1B,base,Llama-3.2-1B,blimp,16,0.75
13,0.5677910447761194,0.566,67000,Llama-3.2-1B,base,Llama-3.2-1B,blimp,16,0.8125
14,0.6351343283582089,0.6353731343283582,67000,Llama-3.2-1B,base,Llama-3.2-1B,blimp,16,0.875
15,0.6627910447761194,0.6516119402985074,67000,Llama-3.2-1B,base,Llama-3.2-1B,blimp,16,0.9375
16,0.8051641791044776,0.7798358208955224,67000,Llama-3.2-1B,base,Llama-3.2-1B,blimp,16,1.0
1,0.26657521719250116,0.06287151348879744,4374,Llama-3.2-1B,base,Llama-3.2-1B,ewok,16,0.0625
2,0.2903520804755373,0.21307727480566988,4374,Llama-3.2-1B,base,Llama-3.2-1B,ewok,16,0.125
3,0.3042981252857796,0.22793781435756744,4374,Llama-3.2-1B,base,Llama-3.2-1B,ewok,16,0.1875
4,0.3177869227251943,0.23090992226794696,4374,Llama-3.2-1B,base,Llama-3.2-1B,ewok,16,0.25
5,0.30544124371284864,0.23068129858253314,4374,Llama-3.2-1B,base,Llama-3.2-1B,ewok,16,0.3125
6,0.31550068587105623,0.24188385916780977,4374,Llama-3.2-1B,base,Llama-3.2-1B,ewok,16,0.375
7,0.3223593964334705,0.25674439871970733,4374,Llama-3.2-1B,base,Llama-3.2-1B,ewok,16,0.4375
8,0.33058984910836764,0.25697302240512115,4374,Llama-3.2-1B,base,Llama-3.2-1B,ewok,16,0.5
9,0.3507087334247828,0.27892089620484684,4374,Llama-3.2-1B,base,Llama-3.2-1B,ewok,16,0.5625
10,0.35711019661636945,0.2988111568358482,4374,Llama-3.2-1B,base,Llama-3.2-1B,ewok,16,0.625
11,0.37814357567443985,0.314586191129401,4374,Llama-3.2-1B,base,Llama-3.2-1B,ewok,16,0.6875
12,0.3991769547325103,0.35390946502057613,4374,Llama-3.2-1B,base,Llama-3.2-1B,ewok,16,0.75
13,0.42386831275720166,0.3635116598079561,4374,Llama-3.2-1B,base,Llama-3.2-1B,ewok,16,0.8125
14,0.43461362597165065,0.37837219935985367,4374,Llama-3.2-1B,base,Llama-3.2-1B,ewok,16,0.875
15,0.459304983996342,0.3850022862368541,4374,Llama-3.2-1B,base,Llama-3.2-1B,ewok,16,0.9375
16,0.5381801554641061,0.5125743026977595,4374,Llama-3.2-1B,base,Llama-3.2-1B,ewok,16,1.0
1,0.12782089552238807,0.08925373134328358,67000,Llama-3.2-1B,it,Llama-3.2-1B-it,blimp,16,0.0625
2,0.15282089552238806,0.07979104477611941,67000,Llama-3.2-1B,it,Llama-3.2-1B-it,blimp,16,0.125
3,0.18495522388059701,0.13082089552238807,67000,Llama-3.2-1B,it,Llama-3.2-1B-it,blimp,16,0.1875
4,0.21638805970149252,0.16511940298507463,67000,Llama-3.2-1B,it,Llama-3.2-1B-it,blimp,16,0.25
5,0.22305970149253732,0.17446268656716418,67000,Llama-3.2-1B,it,Llama-3.2-1B-it,blimp,16,0.3125
6,0.23891044776119405,0.19191044776119404,67000,Llama-3.2-1B,it,Llama-3.2-1B-it,blimp,16,0.375
7,0.25719402985074624,0.20855223880597015,67000,Llama-3.2-1B,it,Llama-3.2-1B-it,blimp,16,0.4375
8,0.2685373134328358,0.22895522388059703,67000,Llama-3.2-1B,it,Llama-3.2-1B-it,blimp,16,0.5
9,0.2857014925373134,0.24461194029850744,67000,Llama-3.2-1B,it,Llama-3.2-1B-it,blimp,16,0.5625
10,0.35638805970149257,0.32813432835820894,67000,Llama-3.2-1B,it,Llama-3.2-1B-it,blimp,16,0.625
11,0.410955223880597,0.38704477611940297,67000,Llama-3.2-1B,it,Llama-3.2-1B-it,blimp,16,0.6875
12,0.503268656716418,0.48680597014925375,67000,Llama-3.2-1B,it,Llama-3.2-1B-it,blimp,16,0.75
13,0.5757462686567164,0.5669701492537313,67000,Llama-3.2-1B,it,Llama-3.2-1B-it,blimp,16,0.8125
14,0.6354179104477612,0.6314029850746269,67000,Llama-3.2-1B,it,Llama-3.2-1B-it,blimp,16,0.875
15,0.6625223880597015,0.6458805970149254,67000,Llama-3.2-1B,it,Llama-3.2-1B-it,blimp,16,0.9375
16,0.7413134328358209,0.7169402985074627,67000,Llama-3.2-1B,it,Llama-3.2-1B-it,blimp,16,1.0
1,0.2757201646090535,0.09990855052583447,4374,Llama-3.2-1B,it,Llama-3.2-1B-it,ewok,16,0.0625
2,0.2681755829903978,0.05235482395976223,4374,Llama-3.2-1B,it,Llama-3.2-1B-it,ewok,16,0.125
3,0.2885230909922268,0.11156835848193873,4374,Llama-3.2-1B,it,Llama-3.2-1B-it,ewok,16,0.1875
4,0.2967535436671239,0.12985825331504344,4374,Llama-3.2-1B,it,Llama-3.2-1B-it,ewok,16,0.25
5,0.30475537265660724,0.14609053497942387,4374,Llama-3.2-1B,it,Llama-3.2-1B-it,ewok,16,0.3125
6,0.3017832647462277,0.14334705075445817,4374,Llama-3.2-1B,it,Llama-3.2-1B-it,ewok,16,0.375
7,0.30475537265660724,0.13786008230452676,4374,Llama-3.2-1B,it,Llama-3.2-1B-it,ewok,16,0.4375
8,0.32853223593964337,0.18358481938728852,4374,Llama-3.2-1B,it,Llama-3.2-1B-it,ewok,16,0.5
9,0.33356195701874713,0.17924096936442616,4374,Llama-3.2-1B,it,Llama-3.2-1B-it,ewok,16,0.5625
10,0.3479652491998171,0.20278920896204847,4374,Llama-3.2-1B,it,Llama-3.2-1B-it,ewok,16,0.625
11,0.3717421124828532,0.2544581618655693,4374,Llama-3.2-1B,it,Llama-3.2-1B-it,ewok,16,0.6875
12,0.40009144947416553,0.30292638317329673,4374,Llama-3.2-1B,it,Llama-3.2-1B-it,ewok,16,0.75
13,0.4172382258802012,0.33927754915409236,4374,Llama-3.2-1B,it,Llama-3.2-1B-it,ewok,16,0.8125
14,0.4348422496570645,0.3584819387288523,4374,Llama-3.2-1B,it,Llama-3.2-1B-it,ewok,16,0.875
15,0.46844993141289437,0.37197073616826704,4374,Llama-3.2-1B,it,Llama-3.2-1B-it,ewok,16,0.9375
16,0.516689529035208,0.48399634202103337,4374,Llama-3.2-1B,it,Llama-3.2-1B-it,ewok,16,1.0
1,0.14655223880597015,0.08956716417910449,67000,Llama-3.2-3B,base,Llama-3.2-3B,blimp,28,0.03571428571428571
2,0.19332835820895522,0.1778507462686567,67000,Llama-3.2-3B,base,Llama-3.2-3B,blimp,28,0.07142857142857142
3,0.21522388059701492,0.20061194029850749,67000,Llama-3.2-3B,base,Llama-3.2-3B,blimp,28,0.10714285714285714
4,0.2302089552238806,0.2173283582089552,67000,Llama-3.2-3B,base,Llama-3.2-3B,blimp,28,0.14285714285714285
5,0.25683582089552237,0.24183582089552239,67000,Llama-3.2-3B,base,Llama-3.2-3B,blimp,28,0.17857142857142858
6,0.270089552238806,0.2545373134328358,67000,Llama-3.2-3B,base,Llama-3.2-3B,blimp,28,0.21428571428571427
7,0.28291044776119406,0.26737313432835824,67000,Llama-3.2-3B,base,Llama-3.2-3B,blimp,28,0.25
8,0.30301492537313435,0.29032835820895525,67000,Llama-3.2-3B,base,Llama-3.2-3B,blimp,28,0.2857142857142857
9,0.3029104477611941,0.28968656716417907,67000,Llama-3.2-3B,base,Llama-3.2-3B,blimp,28,0.32142857142857145
10,0.32564179104477614,0.31076119402985075,67000,Llama-3.2-3B,base,Llama-3.2-3B,blimp,28,0.35714285714285715
11,0.33073134328358206,0.3213432835820896,67000,Llama-3.2-3B,base,Llama-3.2-3B,blimp,28,0.39285714285714285
12,0.36207462686567166,0.35250746268656713,67000,Llama-3.2-3B,base,Llama-3.2-3B,blimp,28,0.42857142857142855
13,0.3896716417910448,0.37570149253731344,67000,Llama-3.2-3B,base,Llama-3.2-3B,blimp,28,0.4642857142857143
14,0.4131194029850746,0.4012388059701492,67000,Llama-3.2-3B,base,Llama-3.2-3B,blimp,28,0.5
15,0.4392686567164179,0.4269850746268657,67000,Llama-3.2-3B,base,Llama-3.2-3B,blimp,28,0.5357142857142857
16,0.4526865671641791,0.44617910447761194,67000,Llama-3.2-3B,base,Llama-3.2-3B,blimp,28,0.5714285714285714
17,0.48819402985074634,0.4804179104477612,67000,Llama-3.2-3B,base,Llama-3.2-3B,blimp,28,0.6071428571428571
18,0.5205074626865672,0.5115373134328358,67000,Llama-3.2-3B,base,Llama-3.2-3B,blimp,28,0.6428571428571429
19,0.5386268656716418,0.5319701492537314,67000,Llama-3.2-3B,base,Llama-3.2-3B,blimp,28,0.6785714285714286
20,0.5749701492537314,0.5671194029850746,67000,Llama-3.2-3B,base,Llama-3.2-3B,blimp,28,0.7142857142857143
21,0.6103283582089553,0.6025970149253732,67000,Llama-3.2-3B,base,Llama-3.2-3B,blimp,28,0.75
22,0.6453432835820896,0.6378208955223881,67000,Llama-3.2-3B,base,Llama-3.2-3B,blimp,28,0.7857142857142857
23,0.6697313432835821,0.6627313432835821,67000,Llama-3.2-3B,base,Llama-3.2-3B,blimp,28,0.8214285714285714
24,0.6860746268656717,0.6771641791044776,67000,Llama-3.2-3B,base,Llama-3.2-3B,blimp,28,0.8571428571428571
25,0.7127462686567164,0.7011641791044776,67000,Llama-3.2-3B,base,Llama-3.2-3B,blimp,28,0.8928571428571429
26,0.7411641791044776,0.7261044776119403,67000,Llama-3.2-3B,base,Llama-3.2-3B,blimp,28,0.9285714285714286
27,0.7556567164179104,0.7284925373134328,67000,Llama-3.2-3B,base,Llama-3.2-3B,blimp,28,0.9642857142857143
28,0.796134328358209,0.7693283582089553,67000,Llama-3.2-3B,base,Llama-3.2-3B,blimp,28,1.0
1,0.27914951989026066,0.09419295839048926,4374,Llama-3.2-3B,base,Llama-3.2-3B,ewok,28,0.03571428571428571
2,0.283493369913123,0.22359396433470508,4374,Llama-3.2-3B,base,Llama-3.2-3B,ewok,28,0.07142857142857142
3,0.29538180155464105,0.23616826703246457,4374,Llama-3.2-3B,base,Llama-3.2-3B,ewok,28,0.10714285714285714
4,0.3040695016003658,0.24005486968449932,4374,Llama-3.2-3B,base,Llama-3.2-3B,ewok,28,0.14285714285714285
5,0.3198445358939186,0.26177411979881116,4374,Llama-3.2-3B,base,Llama-3.2-3B,ewok,28,0.17857142857142858
6,0.33676268861454045,0.2764060356652949,4374,Llama-3.2-3B,base,Llama-3.2-3B,ewok,28,0.21428571428571427
7,0.3404206675811614,0.2764060356652949,4374,Llama-3.2-3B,base,Llama-3.2-3B,ewok,28,0.25
8,0.3340192043895748,0.2782350251486054,4374,Llama-3.2-3B,base,Llama-3.2-3B,ewok,28,0.2857142857142857
9,0.33630544124371287,0.2862368541380887,4374,Llama-3.2-3B,base,Llama-3.2-3B,ewok,28,0.32142857142857145
10,0.3376771833561957,0.2780064014631916,4374,Llama-3.2-3B,base,Llama-3.2-3B,ewok,28,0.35714285714285715
11,0.34705075445816186,0.2937814357567444,4374,Llama-3.2-3B,base,Llama-3.2-3B,ewok,28,0.39285714285714285
12,0.3582533150434385,0.30772748056698673,4374,Llama-3.2-3B,base,Llama-3.2-3B,ewok,28,0.42857142857142855
13,0.36648376771833563,0.31870141746684955,4374,Llama-3.2-3B,base,Llama-3.2-3B,ewok,28,0.4642857142857143
14,0.370827617741198,0.3248742569730224,4374,Llama-3.2-3B,base,Llama-3.2-3B,ewok,28,0.5
15,0.3893461362597165,0.3351623228166438,4374,Llama-3.2-3B,base,Llama-3.2-3B,ewok,28,0.5357142857142857
16,0.3950617283950617,0.3452217649748514,4374,Llama-3.2-3B,base,Llama-3.2-3B,ewok,28,0.5714285714285714
17,0.4071787837219936,0.3609967992684042,4374,Llama-3.2-3B,base,Llama-3.2-3B,ewok,28,0.6071428571428571
18,0.4154092363968907,0.3616826703246456,4374,Llama-3.2-3B,base,Llama-3.2-3B,ewok,28,0.6428571428571429
19,0.42112482853223593,0.3715134887974394,4374,Llama-3.2-3B,base,Llama-3.2-3B,ewok,28,0.6785714285714286
20,0.438957475994513,0.39300411522633744,4374,Llama-3.2-3B,base,Llama-3.2-3B,ewok,28,0.7142857142857143
21,0.4586191129401006,0.4151806127114769,4374,Llama-3.2-3B,base,Llama-3.2-3B,ewok,28,0.75
22,0.46982167352537724,0.4254686785550983,4374,Llama-3.2-3B,base,Llama-3.2-3B,ewok,28,0.7857142857142857
23,0.4773662551440329,0.42844078646547784,4374,Llama-3.2-3B,base,Llama-3.2-3B,ewok,28,0.8214285714285714
24,0.48399634202103337,0.43232738911751256,4374,Llama-3.2-3B,base,Llama-3.2-3B,ewok,28,0.8571428571428571
25,0.4945130315500686,0.43232738911751256,4374,Llama-3.2-3B,base,Llama-3.2-3B,ewok,28,0.8928571428571429
26,0.4942844078646548,0.4382716049382716,4374,Llama-3.2-3B,base,Llama-3.2-3B,ewok,28,0.9285714285714286
27,0.4874256973022405,0.4506172839506173,4374,Llama-3.2-3B,base,Llama-3.2-3B,ewok,28,0.9642857142857143
28,0.5256058527663466,0.49817101051668955,4374,Llama-3.2-3B,base,Llama-3.2-3B,ewok,28,1.0
1,0.1371492537313433,0.08340298507462687,67000,Llama-3.2-3B,it,Llama-3.2-3B-it,blimp,28,0.03571428571428571
2,0.15297014925373134,0.08970149253731342,67000,Llama-3.2-3B,it,Llama-3.2-3B-it,blimp,28,0.07142857142857142
3,0.18459701492537314,0.1342089552238806,67000,Llama-3.2-3B,it,Llama-3.2-3B-it,blimp,28,0.10714285714285714
4,0.2023134328358209,0.15217910447761193,67000,Llama-3.2-3B,it,Llama-3.2-3B-it,blimp,28,0.14285714285714285
5,0.2346268656716418,0.18947761194029852,67000,Llama-3.2-3B,it,Llama-3.2-3B-it,blimp,28,0.17857142857142858
6,0.24450746268656717,0.2026716417910448,67000,Llama-3.2-3B,it,Llama-3.2-3B-it,blimp,28,0.21428571428571427
7,0.2775671641791045,0.23961194029850744,67000,Llama-3.2-3B,it,Llama-3.2-3B-it,blimp,28,0.25
8,0.29679104477611945,0.2605373134328358,67000,Llama-3.2-3B,it,Llama-3.2-3B-it,blimp,28,0.2857142857142857
9,0.29247761194029853,0.2593283582089552,67000,Llama-3.2-3B,it,Llama-3.2-3B-it,blimp,28,0.32142857142857145
10,0.3183432835820896,0.2855074626865672,67000,Llama-3.2-3B,it,Llama-3.2-3B-it,blimp,28,0.35714285714285715
11,0.32971641791044776,0.3012686567164179,67000,Llama-3.2-3B,it,Llama-3.2-3B-it,blimp,28,0.39285714285714285
12,0.3621194029850746,0.33359701492537314,67000,Llama-3.2-3B,it,Llama-3.2-3B-it,blimp,28,0.42857142857142855
13,0.37698507462686565,0.3492537313432836,67000,Llama-3.2-3B,it,Llama-3.2-3B-it,blimp,28,0.4642857142857143
14,0.39132835820895523,0.36349253731343284,67000,Llama-3.2-3B,it,Llama-3.2-3B-it,blimp,28,0.5
15,0.4470597014925373,0.4230149253731343,67000,Llama-3.2-3B,it,Llama-3.2-3B-it,blimp,28,0.5357142857142857
16,0.4657761194029851,0.4402089552238806,67000,Llama-3.2-3B,it,Llama-3.2-3B-it,blimp,28,0.5714285714285714
17,0.49864179104477613,0.4802238805970149,67000,Llama-3.2-3B,it,Llama-3.2-3B-it,blimp,28,0.6071428571428571
18,0.5223582089552239,0.5044328358208955,67000,Llama-3.2-3B,it,Llama-3.2-3B-it,blimp,28,0.6428571428571429
19,0.5594029850746268,0.5464776119402984,67000,Llama-3.2-3B,it,Llama-3.2-3B-it,blimp,28,0.6785714285714286
20,0.5959850746268657,0.5862686567164179,67000,Llama-3.2-3B,it,Llama-3.2-3B-it,blimp,28,0.7142857142857143
21,0.6326567164179104,0.624910447761194,67000,Llama-3.2-3B,it,Llama-3.2-3B-it,blimp,28,0.75
22,0.655641791044776,0.6489253731343284,67000,Llama-3.2-3B,it,Llama-3.2-3B-it,blimp,28,0.7857142857142857
23,0.6736417910447762,0.6698507462686567,67000,Llama-3.2-3B,it,Llama-3.2-3B-it,blimp,28,0.8214285714285714
24,0.6923432835820895,0.6866268656716418,67000,Llama-3.2-3B,it,Llama-3.2-3B-it,blimp,28,0.8571428571428571
25,0.7035970149253731,0.6968507462686567,67000,Llama-3.2-3B,it,Llama-3.2-3B-it,blimp,28,0.8928571428571429
26,0.7228805970149254,0.7119402985074628,67000,Llama-3.2-3B,it,Llama-3.2-3B-it,blimp,28,0.9285714285714286
27,0.7184328358208955,0.7079552238805971,67000,Llama-3.2-3B,it,Llama-3.2-3B-it,blimp,28,0.9642857142857143
28,0.7212686567164179,0.6967462686567164,67000,Llama-3.2-3B,it,Llama-3.2-3B-it,blimp,28,1.0
1,0.26909007773205307,0.08733424782807499,4374,Llama-3.2-3B,it,Llama-3.2-3B-it,ewok,28,0.03571428571428571
2,0.2782350251486054,0.10219478737997256,4374,Llama-3.2-3B,it,Llama-3.2-3B-it,ewok,28,0.07142857142857142
3,0.2937814357567444,0.12551440329218108,4374,Llama-3.2-3B,it,Llama-3.2-3B-it,ewok,28,0.10714285714285714
4,0.29995427526291724,0.11522633744855967,4374,Llama-3.2-3B,it,Llama-3.2-3B-it,ewok,28,0.14285714285714285
5,0.3068129858253315,0.1442615454961134,4374,Llama-3.2-3B,it,Llama-3.2-3B-it,ewok,28,0.17857142857142858
6,0.31550068587105623,0.1700960219478738,4374,Llama-3.2-3B,it,Llama-3.2-3B-it,ewok,28,0.21428571428571427
7,0.3255601280292638,0.1904435299497028,4374,Llama-3.2-3B,it,Llama-3.2-3B-it,ewok,28,0.25
8,0.34682213077274804,0.2144490169181527,4374,Llama-3.2-3B,it,Llama-3.2-3B-it,ewok,28,0.2857142857142857
9,0.3333333333333333,0.19250114311842706,4374,Llama-3.2-3B,it,Llama-3.2-3B-it,ewok,28,0.32142857142857145
10,0.33058984910836764,0.20027434842249658,4374,Llama-3.2-3B,it,Llama-3.2-3B-it,ewok,28,0.35714285714285715
11,0.3449931412894376,0.2144490169181527,4374,Llama-3.2-3B,it,Llama-3.2-3B-it,ewok,28,0.39285714285714285
12,0.3527663465935071,0.24645633287608595,4374,Llama-3.2-3B,it,Llama-3.2-3B-it,ewok,28,0.42857142857142855
13,0.3575674439871971,0.2526291723822588,4374,Llama-3.2-3B,it,Llama-3.2-3B-it,ewok,28,0.4642857142857143
14,0.3559670781893004,0.2576588934613626,4374,Llama-3.2-3B,it,Llama-3.2-3B-it,ewok,28,0.5
15,0.38843164151806125,0.2908093278463649,4374,Llama-3.2-3B,it,Llama-3.2-3B-it,ewok,28,0.5357142857142857
16,0.40900777320530407,0.3065843621399177,4374,Llama-3.2-3B,it,Llama-3.2-3B-it,ewok,28,0.5714285714285714
17,0.41335162322816643,0.32030178326474623,4374,Llama-3.2-3B,it,Llama-3.2-3B-it,ewok,28,0.6071428571428571
18,0.42203932327389115,0.35253772290809327,4374,Llama-3.2-3B,it,Llama-3.2-3B-it,ewok,28,0.6428571428571429
19,0.42363968907178784,0.3449931412894376,4374,Llama-3.2-3B,it,Llama-3.2-3B-it,ewok,28,0.6785714285714286
20,0.45267489711934156,0.3866026520347508,4374,Llama-3.2-3B,it,Llama-3.2-3B-it,ewok,28,0.7142857142857143
21,0.4631915866483768,0.40032007315957935,4374,Llama-3.2-3B,it,Llama-3.2-3B-it,ewok,28,0.75
22,0.47005029721079106,0.4101508916323731,4374,Llama-3.2-3B,it,Llama-3.2-3B-it,ewok,28,0.7857142857142857
23,0.48811156835848196,0.42432556012802924,4374,Llama-3.2-3B,it,Llama-3.2-3B-it,ewok,28,0.8214285714285714
24,0.49405578417924095,0.4350708733424783,4374,Llama-3.2-3B,it,Llama-3.2-3B-it,ewok,28,0.8571428571428571
25,0.4961133973479652,0.45016003657978965,4374,Llama-3.2-3B,it,Llama-3.2-3B-it,ewok,28,0.8928571428571429
26,0.5064014631915866,0.4531321444901692,4374,Llama-3.2-3B,it,Llama-3.2-3B-it,ewok,28,0.9285714285714286
27,0.4990855052583448,0.44787379972565156,4374,Llama-3.2-3B,it,Llama-3.2-3B-it,ewok,28,0.9642857142857143
28,0.5080018289894833,0.4691358024691358,4374,Llama-3.2-3B,it,Llama-3.2-3B-it,ewok,28,1.0
1,0.10455223880597014,0.029,67000,Llama-3.1-8B,base,Llama-3.1-8B,blimp,32,0.03125
2,0.156,0.1354776119402985,67000,Llama-3.1-8B,base,Llama-3.1-8B,blimp,32,0.0625
3,0.16728358208955224,0.1455223880597015,67000,Llama-3.1-8B,base,Llama-3.1-8B,blimp,32,0.09375
4,0.17638805970149254,0.15623880597014925,67000,Llama-3.1-8B,base,Llama-3.1-8B,blimp,32,0.125
5,0.18680597014925374,0.164955223880597,67000,Llama-3.1-8B,base,Llama-3.1-8B,blimp,32,0.15625
6,0.18838805970149253,0.16983582089552238,67000,Llama-3.1-8B,base,Llama-3.1-8B,blimp,32,0.1875
7,0.19986567164179103,0.1806268656716418,67000,Llama-3.1-8B,base,Llama-3.1-8B,blimp,32,0.21875
8,0.2175671641791045,0.1958358208955224,67000,Llama-3.1-8B,base,Llama-3.1-8B,blimp,32,0.25
9,0.21923880597014925,0.196910447761194,67000,Llama-3.1-8B,base,Llama-3.1-8B,blimp,32,0.28125
10,0.2294776119402985,0.20355223880597015,67000,Llama-3.1-8B,base,Llama-3.1-8B,blimp,32,0.3125
11,0.22711940298507463,0.20405970149253733,67000,Llama-3.1-8B,base,Llama-3.1-8B,blimp,32,0.34375
12,0.22717910447761194,0.2038955223880597,67000,Llama-3.1-8B,base,Llama-3.1-8B,blimp,32,0.375
13,0.24758208955223882,0.22113432835820895,67000,Llama-3.1-8B,base,Llama-3.1-8B,blimp,32,0.40625
14,0.26040298507462684,0.23497014925373136,67000,Llama-3.1-8B,base,Llama-3.1-8B,blimp,32,0.4375
15,0.27071641791044776,0.24571641791044777,67000,Llama-3.1-8B,base,Llama-3.1-8B,blimp,32,0.46875
16,0.2951940298507463,0.2685522388059701,67000,Llama-3.1-8B,base,Llama-3.1-8B,blimp,32,0.5
17,0.334089552238806,0.30549253731343284,67000,Llama-3.1-8B,base,Llama-3.1-8B,blimp,32,0.53125
18,0.3808805970149253,0.3536716417910448,67000,Llama-3.1-8B,base,Llama-3.1-8B,blimp,32,0.5625
19,0.40514925373134325,0.378865671641791,67000,Llama-3.1-8B,base,Llama-3.1-8B,blimp,32,0.59375
20,0.4462686567164179,0.42110447761194025,67000,Llama-3.1-8B,base,Llama-3.1-8B,blimp,32,0.625
21,0.46446268656716416,0.44170149253731344,67000,Llama-3.1-8B,base,Llama-3.1-8B,blimp,32,0.65625
22,0.4952388059701492,0.47292537313432836,67000,Llama-3.1-8B,base,Llama-3.1-8B,blimp,32,0.6875
23,0.5133283582089553,0.4935522388059701,67000,Llama-3.1-8B,base,Llama-3.1-8B,blimp,32,0.71875
24,0.5350895522388059,0.5173880597014925,67000,Llama-3.1-8B,base,Llama-3.1-8B,blimp,32,0.75
25,0.5599253731343283,0.545134328358209,67000,Llama-3.1-8B,base,Llama-3.1-8B,blimp,32,0.78125
26,0.5743582089552238,0.5595671641791045,67000,Llama-3.1-8B,base,Llama-3.1-8B,blimp,32,0.8125
27,0.5851641791044777,0.5709850746268657,67000,Llama-3.1-8B,base,Llama-3.1-8B,blimp,32,0.84375
28,0.5943432835820895,0.5805373134328359,67000,Llama-3.1-8B,base,Llama-3.1-8B,blimp,32,0.875
29,0.6171940298507462,0.6053731343283583,67000,Llama-3.1-8B,base,Llama-3.1-8B,blimp,32,0.90625
30,0.6441791044776118,0.6329850746268656,67000,Llama-3.1-8B,base,Llama-3.1-8B,blimp,32,0.9375
31,0.6995671641791045,0.6831940298507463,67000,Llama-3.1-8B,base,Llama-3.1-8B,blimp,32,0.96875
32,0.7982537313432836,0.7719850746268656,67000,Llama-3.1-8B,base,Llama-3.1-8B,blimp,32,1.0
1,0.253543667123914,0.029263831732967534,4374,Llama-3.1-8B,base,Llama-3.1-8B,ewok,32,0.03125
2,0.2782350251486054,0.21284865112025605,4374,Llama-3.1-8B,base,Llama-3.1-8B,ewok,32,0.0625
3,0.2889803383630544,0.22039323273891176,4374,Llama-3.1-8B,base,Llama-3.1-8B,ewok,32,0.09375
4,0.28829446730681296,0.2222222222222222,4374,Llama-3.1-8B,base,Llama-3.1-8B,ewok,32,0.125
5,0.28989483310470965,0.24005486968449932,4374,Llama-3.1-8B,base,Llama-3.1-8B,ewok,32,0.15625
6,0.2994970278920896,0.2471422039323274,4374,Llama-3.1-8B,base,Llama-3.1-8B,ewok,32,0.1875
7,0.30635573845450387,0.24439871970736168,4374,Llama-3.1-8B,base,Llama-3.1-8B,ewok,32,0.21875
8,0.31252857796067673,0.25468678555098306,4374,Llama-3.1-8B,base,Llama-3.1-8B,ewok,32,0.25
9,0.31252857796067673,0.2622313671696388,4374,Llama-3.1-8B,base,Llama-3.1-8B,ewok,32,0.28125
10,0.3143575674439872,0.26108824874256975,4374,Llama-3.1-8B,base,Llama-3.1-8B,ewok,32,0.3125
11,0.31801554641060814,0.2681755829903978,4374,Llama-3.1-8B,base,Llama-3.1-8B,ewok,32,0.34375
12,0.3139003200731596,0.26909007773205307,4374,Llama-3.1-8B,base,Llama-3.1-8B,ewok,32,0.375
13,0.32853223593964337,0.2700045724737083,4374,Llama-3.1-8B,base,Llama-3.1-8B,ewok,32,0.40625
14,0.32121627800640146,0.2764060356652949,4374,Llama-3.1-8B,base,Llama-3.1-8B,ewok,32,0.4375
15,0.3406492912665752,0.27983539094650206,4374,Llama-3.1-8B,base,Llama-3.1-8B,ewok,32,0.46875
16,0.3529949702789209,0.3004115226337449,4374,Llama-3.1-8B,base,Llama-3.1-8B,ewok,32,0.5
17,0.36716963877457703,0.32030178326474623,4374,Llama-3.1-8B,base,Llama-3.1-8B,ewok,32,0.53125
18,0.37288523090992226,0.3326474622770919,4374,Llama-3.1-8B,base,Llama-3.1-8B,ewok,32,0.5625
19,0.37585733882030176,0.3296753543667124,4374,Llama-3.1-8B,base,Llama-3.1-8B,ewok,32,0.59375
20,0.39483310470964794,0.34224965706447186,4374,Llama-3.1-8B,base,Llama-3.1-8B,ewok,32,0.625
21,0.4037494284407865,0.35436671239140377,4374,Llama-3.1-8B,base,Llama-3.1-8B,ewok,32,0.65625
22,0.42661179698216734,0.37037037037037035,4374,Llama-3.1-8B,base,Llama-3.1-8B,ewok,32,0.6875
23,0.4405578417924097,0.39071787837219935,4374,Llama-3.1-8B,base,Llama-3.1-8B,ewok,32,0.71875
24,0.45793324188385914,0.40420667581161407,4374,Llama-3.1-8B,base,Llama-3.1-8B,ewok,32,0.75
25,0.46524919981710106,0.41678097850937357,4374,Llama-3.1-8B,base,Llama-3.1-8B,ewok,32,0.78125
26,0.4657064471879287,0.41037951531778694,4374,Llama-3.1-8B,base,Llama-3.1-8B,ewok,32,0.8125
27,0.46593507087334246,0.40900777320530407,4374,Llama-3.1-8B,base,Llama-3.1-8B,ewok,32,0.84375
28,0.47599451303155005,0.41335162322816643,4374,Llama-3.1-8B,base,Llama-3.1-8B,ewok,32,0.875
29,0.474851394604481,0.41678097850937357,4374,Llama-3.1-8B,base,Llama-3.1-8B,ewok,32,0.90625
30,0.47782350251486055,0.41655235482395975,4374,Llama-3.1-8B,base,Llama-3.1-8B,ewok,32,0.9375
31,0.4817101051668953,0.4218106995884774,4374,Llama-3.1-8B,base,Llama-3.1-8B,ewok,32,0.96875
32,0.5354366712391404,0.5043438500228624,4374,Llama-3.1-8B,base,Llama-3.1-8B,ewok,32,1.0
1,0.101,0.00013432835820895525,67000,Llama-3.1-8B,it,Llama-3.1-8B-it,blimp,32,0.03125
2,0.11207462686567164,0.003029850746268657,67000,Llama-3.1-8B,it,Llama-3.1-8B-it,blimp,32,0.0625
3,0.1297462686567164,0.01746268656716418,67000,Llama-3.1-8B,it,Llama-3.1-8B-it,blimp,32,0.09375
4,0.1511940298507463,0.0706865671641791,67000,Llama-3.1-8B,it,Llama-3.1-8B-it,blimp,32,0.125
5,0.16629850746268657,0.09561194029850746,67000,Llama-3.1-8B,it,Llama-3.1-8B-it,blimp,32,0.15625
6,0.17567164179104477,0.10601492537313432,67000,Llama-3.1-8B,it,Llama-3.1-8B-it,blimp,32,0.1875
7,0.1870597014925373,0.12840298507462686,67000,Llama-3.1-8B,it,Llama-3.1-8B-it,blimp,32,0.21875
8,0.21213432835820895,0.16195522388059702,67000,Llama-3.1-8B,it,Llama-3.1-8B-it,blimp,32,0.25
9,0.2158955223880597,0.16522388059701493,67000,Llama-3.1-8B,it,Llama-3.1-8B-it,blimp,32,0.28125
10,0.22605970149253732,0.18197014925373134,67000,Llama-3.1-8B,it,Llama-3.1-8B-it,blimp,32,0.3125
11,0.23931343283582088,0.2003731343283582,67000,Llama-3.1-8B,it,Llama-3.1-8B-it,blimp,32,0.34375
12,0.24404477611940298,0.2084776119402985,67000,Llama-3.1-8B,it,Llama-3.1-8B-it,blimp,32,0.375
13,0.2657014925373134,0.2294776119402985,67000,Llama-3.1-8B,it,Llama-3.1-8B-it,blimp,32,0.40625
14,0.2735522388059701,0.23967164179104478,67000,Llama-3.1-8B,it,Llama-3.1-8B-it,blimp,32,0.4375
15,0.29455223880597015,0.2614925373134328,67000,Llama-3.1-8B,it,Llama-3.1-8B-it,blimp,32,0.46875
16,0.327820895522388,0.291,67000,Llama-3.1-8B,it,Llama-3.1-8B-it,blimp,32,0.5
17,0.35502985074626864,0.3223283582089552,67000,Llama-3.1-8B,it,Llama-3.1-8B-it,blimp,32,0.53125
18,0.3982985074626866,0.3663880597014925,67000,Llama-3.1-8B,it,Llama-3.1-8B-it,blimp,32,0.5625
19,0.41976119402985074,0.39273134328358206,67000,Llama-3.1-8B,it,Llama-3.1-8B-it,blimp,32,0.59375
20,0.4398805970149254,0.4147014925373134,67000,Llama-3.1-8B,it,Llama-3.1-8B-it,blimp,32,0.625
21,0.455089552238806,0.4323880597014925,67000,Llama-3.1-8B,it,Llama-3.1-8B-it,blimp,32,0.65625
22,0.48329850746268654,0.46386567164179104,67000,Llama-3.1-8B,it,Llama-3.1-8B-it,blimp,32,0.6875
23,0.5138805970149254,0.49364179104477607,67000,Llama-3.1-8B,it,Llama-3.1-8B-it,blimp,32,0.71875
24,0.5312537313432836,0.5119701492537313,67000,Llama-3.1-8B,it,Llama-3.1-8B-it,blimp,32,0.75
25,0.549134328358209,0.5320895522388059,67000,Llama-3.1-8B,it,Llama-3.1-8B-it,blimp,32,0.78125
26,0.5703432835820895,0.5534776119402984,67000,Llama-3.1-8B,it,Llama-3.1-8B-it,blimp,32,0.8125
27,0.5827014925373135,0.5649253731343283,67000,Llama-3.1-8B,it,Llama-3.1-8B-it,blimp,32,0.84375
28,0.590044776119403,0.5737462686567164,67000,Llama-3.1-8B,it,Llama-3.1-8B-it,blimp,32,0.875
29,0.6143880597014926,0.5977164179104477,67000,Llama-3.1-8B,it,Llama-3.1-8B-it,blimp,32,0.90625
30,0.6309701492537313,0.6137611940298507,67000,Llama-3.1-8B,it,Llama-3.1-8B-it,blimp,32,0.9375
31,0.693820895522388,0.6799850746268656,67000,Llama-3.1-8B,it,Llama-3.1-8B-it,blimp,32,0.96875
32,0.7552537313432836,0.7300746268656716,67000,Llama-3.1-8B,it,Llama-3.1-8B-it,blimp,32,1.0
1,0.2505715592135345,0.0,4374,Llama-3.1-8B,it,Llama-3.1-8B-it,ewok,32,0.03125
2,0.25651577503429357,0.0,4374,Llama-3.1-8B,it,Llama-3.1-8B-it,ewok,32,0.0625
3,0.26337448559670784,0.006172839506172839,4374,Llama-3.1-8B,it,Llama-3.1-8B-it,ewok,32,0.09375
4,0.27480566986739824,0.056241426611796985,4374,Llama-3.1-8B,it,Llama-3.1-8B-it,ewok,32,0.125
5,0.2816643804298125,0.08641975308641975,4374,Llama-3.1-8B,it,Llama-3.1-8B-it,ewok,32,0.15625
6,0.2878372199359854,0.09625057155921353,4374,Llama-3.1-8B,it,Llama-3.1-8B-it,ewok,32,0.1875
7,0.28280749885688156,0.12322816643804298,4374,Llama-3.1-8B,it,Llama-3.1-8B-it,ewok,32,0.21875
8,0.29286694101508914,0.12574302697759487,4374,Llama-3.1-8B,it,Llama-3.1-8B-it,ewok,32,0.25
9,0.2965249199817101,0.11385459533607682,4374,Llama-3.1-8B,it,Llama-3.1-8B-it,ewok,32,0.28125
10,0.30064014631915864,0.13237311385459533,4374,Llama-3.1-8B,it,Llama-3.1-8B-it,ewok,32,0.3125
11,0.309785093735711,0.14288980338363055,4374,Llama-3.1-8B,it,Llama-3.1-8B-it,ewok,32,0.34375
12,0.3052126200274348,0.1392318244170096,4374,Llama-3.1-8B,it,Llama-3.1-8B-it,ewok,32,0.375
13,0.3084133516232282,0.14517604023776864,4374,Llama-3.1-8B,it,Llama-3.1-8B-it,ewok,32,0.40625
14,0.3184727937814358,0.1550068587105624,4374,Llama-3.1-8B,it,Llama-3.1-8B-it,ewok,32,0.4375
15,0.3303612254229538,0.17741197988111568,4374,Llama-3.1-8B,it,Llama-3.1-8B-it,ewok,32,0.46875
16,0.32533150434385,0.1904435299497028,4374,Llama-3.1-8B,it,Llama-3.1-8B-it,ewok,32,0.5
17,0.350480109739369,0.2085048010973937,4374,Llama-3.1-8B,it,Llama-3.1-8B-it,ewok,32,0.53125
18,0.36899862825788754,0.24439871970736168,4374,Llama-3.1-8B,it,Llama-3.1-8B-it,ewok,32,0.5625
19,0.36716963877457703,0.24874256973022404,4374,Llama-3.1-8B,it,Llama-3.1-8B-it,ewok,32,0.59375
20,0.38751714677640603,0.28737997256515774,4374,Llama-3.1-8B,it,Llama-3.1-8B-it,ewok,32,0.625
21,0.3996342021033379,0.30566986739826246,4374,Llama-3.1-8B,it,Llama-3.1-8B-it,ewok,32,0.65625
22,0.4382716049382716,0.35185185185185186,4374,Llama-3.1-8B,it,Llama-3.1-8B-it,ewok,32,0.6875
23,0.44695930498399633,0.37037037037037035,4374,Llama-3.1-8B,it,Llama-3.1-8B-it,ewok,32,0.71875
24,0.4718792866941015,0.39026063100137176,4374,Llama-3.1-8B,it,Llama-3.1-8B-it,ewok,32,0.75
25,0.4757658893461363,0.3888888888888889,4374,Llama-3.1-8B,it,Llama-3.1-8B-it,ewok,32,0.78125
26,0.4721079103795153,0.38797439414723367,4374,Llama-3.1-8B,it,Llama-3.1-8B-it,ewok,32,0.8125
27,0.4826245999085505,0.3943758573388203,4374,Llama-3.1-8B,it,Llama-3.1-8B-it,ewok,32,0.84375
28,0.48879743941472337,0.41380887059899407,4374,Llama-3.1-8B,it,Llama-3.1-8B-it,ewok,32,0.875
29,0.48811156835848196,0.4275262917238226,4374,Llama-3.1-8B,it,Llama-3.1-8B-it,ewok,32,0.90625
30,0.4826245999085505,0.41883859167809784,4374,Llama-3.1-8B,it,Llama-3.1-8B-it,ewok,32,0.9375
31,0.4945130315500686,0.43164151806127116,4374,Llama-3.1-8B,it,Llama-3.1-8B-it,ewok,32,0.96875
32,0.508459076360311,0.4625057155921353,4374,Llama-3.1-8B,it,Llama-3.1-8B-it,ewok,32,1.0
1,0.4976119402985075,0.4815223880597015,67000,Gemma-3-1B,base,Gemma-3-1B,blimp,26,0.038461538461538464
2,0.48576119402985074,0.47561194029850745,67000,Gemma-3-1B,base,Gemma-3-1B,blimp,26,0.07692307692307693
3,0.4784477611940298,0.4603582089552239,67000,Gemma-3-1B,base,Gemma-3-1B,blimp,26,0.11538461538461539
4,0.4411194029850746,0.421179104477612,67000,Gemma-3-1B,base,Gemma-3-1B,blimp,26,0.15384615384615385
5,0.3422537313432836,0.32038805970149253,67000,Gemma-3-1B,base,Gemma-3-1B,blimp,26,0.19230769230769232
6,0.3505223880597015,0.33407462686567163,67000,Gemma-3-1B,base,Gemma-3-1B,blimp,26,0.23076923076923078
7,0.34928358208955224,0.33313432835820894,67000,Gemma-3-1B,base,Gemma-3-1B,blimp,26,0.2692307692307692
8,0.31931343283582087,0.2945970149253731,67000,Gemma-3-1B,base,Gemma-3-1B,blimp,26,0.3076923076923077
9,0.3079253731343284,0.29149253731343283,67000,Gemma-3-1B,base,Gemma-3-1B,blimp,26,0.34615384615384615
10,0.3233582089552239,0.30462686567164177,67000,Gemma-3-1B,base,Gemma-3-1B,blimp,26,0.38461538461538464
11,0.31150746268656715,0.2875671641791045,67000,Gemma-3-1B,base,Gemma-3-1B,blimp,26,0.4230769230769231
12,0.3155970149253731,0.29102985074626864,67000,Gemma-3-1B,base,Gemma-3-1B,blimp,26,0.46153846153846156
13,0.30128358208955225,0.2817761194029851,67000,Gemma-3-1B,base,Gemma-3-1B,blimp,26,0.5
14,0.30147761194029854,0.2849402985074627,67000,Gemma-3-1B,base,Gemma-3-1B,blimp,26,0.5384615384615384
15,0.3135820895522388,0.296179104477612,67000,Gemma-3-1B,base,Gemma-3-1B,blimp,26,0.5769230769230769
16,0.3486268656716418,0.3304179104477612,67000,Gemma-3-1B,base,Gemma-3-1B,blimp,26,0.6153846153846154
17,0.38961194029850743,0.36623880597014924,67000,Gemma-3-1B,base,Gemma-3-1B,blimp,26,0.6538461538461539
18,0.4216865671641791,0.39370149253731346,67000,Gemma-3-1B,base,Gemma-3-1B,blimp,26,0.6923076923076923
19,0.44899999999999995,0.42462686567164176,67000,Gemma-3-1B,base,Gemma-3-1B,blimp,26,0.7307692307692307
20,0.44358208955223877,0.42038805970149257,67000,Gemma-3-1B,base,Gemma-3-1B,blimp,26,0.7692307692307693
21,0.44792537313432834,0.42770149253731343,67000,Gemma-3-1B,base,Gemma-3-1B,blimp,26,0.8076923076923077
22,0.4528059701492537,0.43762686567164183,67000,Gemma-3-1B,base,Gemma-3-1B,blimp,26,0.8461538461538461
23,0.4527014925373134,0.44395522388059705,67000,Gemma-3-1B,base,Gemma-3-1B,blimp,26,0.8846153846153846
24,0.466044776119403,0.4601641791044776,67000,Gemma-3-1B,base,Gemma-3-1B,blimp,26,0.9230769230769231
25,0.5235671641791045,0.5232388059701493,67000,Gemma-3-1B,base,Gemma-3-1B,blimp,26,0.9615384615384616
26,0.7732985074626866,0.7525970149253731,67000,Gemma-3-1B,base,Gemma-3-1B,blimp,26,1.0
1,0.507087334247828,0.4791952446273434,4374,Gemma-3-1B,base,Gemma-3-1B,ewok,26,0.038461538461538464
2,0.46502057613168724,0.4458161865569273,4374,Gemma-3-1B,base,Gemma-3-1B,ewok,26,0.07692307692307693
3,0.4428440786465478,0.42135345221764975,4374,Gemma-3-1B,base,Gemma-3-1B,ewok,26,0.11538461538461539
4,0.46844993141289437,0.43918609967992683,4374,Gemma-3-1B,base,Gemma-3-1B,ewok,26,0.15384615384615385
5,0.47073616826703246,0.44238683127572015,4374,Gemma-3-1B,base,Gemma-3-1B,ewok,26,0.19230769230769232
6,0.4458161865569273,0.411522633744856,4374,Gemma-3-1B,base,Gemma-3-1B,ewok,26,0.23076923076923078
7,0.4483310470964792,0.4304983996342021,4374,Gemma-3-1B,base,Gemma-3-1B,ewok,26,0.2692307692307692
8,0.44261545496113397,0.4147233653406493,4374,Gemma-3-1B,base,Gemma-3-1B,ewok,26,0.3076923076923077
9,0.4373571101966164,0.41883859167809784,4374,Gemma-3-1B,base,Gemma-3-1B,ewok,26,0.34615384615384615
10,0.4355281207133059,0.41289437585733885,4374,Gemma-3-1B,base,Gemma-3-1B,ewok,26,0.38461538461538464
11,0.44261545496113397,0.4076360310928212,4374,Gemma-3-1B,base,Gemma-3-1B,ewok,26,0.4230769230769231
12,0.42638317329675357,0.39483310470964794,4374,Gemma-3-1B,base,Gemma-3-1B,ewok,26,0.46153846153846156
13,0.4430727023319616,0.40489254686785553,4374,Gemma-3-1B,base,Gemma-3-1B,ewok,26,0.5
14,0.428212162780064,0.4053497942386831,4374,Gemma-3-1B,base,Gemma-3-1B,ewok,26,0.5384615384615384
15,0.4288980338363054,0.4195244627343393,4374,Gemma-3-1B,base,Gemma-3-1B,ewok,26,0.5769230769230769
16,0.417466849565615,0.4076360310928212,4374,Gemma-3-1B,base,Gemma-3-1B,ewok,26,0.6153846153846154
17,0.4131229995427526,0.39254686785550985,4374,Gemma-3-1B,base,Gemma-3-1B,ewok,26,0.6538461538461539
18,0.42935528120713307,0.417466849565615,4374,Gemma-3-1B,base,Gemma-3-1B,ewok,26,0.6923076923076923
19,0.4357567443987197,0.428212162780064,4374,Gemma-3-1B,base,Gemma-3-1B,ewok,26,0.7307692307692307
20,0.44787379972565156,0.4218106995884774,4374,Gemma-3-1B,base,Gemma-3-1B,ewok,26,0.7692307692307693
21,0.453360768175583,0.43141289437585734,4374,Gemma-3-1B,base,Gemma-3-1B,ewok,26,0.8076923076923077
22,0.4483310470964792,0.4357567443987197,4374,Gemma-3-1B,base,Gemma-3-1B,ewok,26,0.8461538461538461
23,0.4414723365340649,0.4380429812528578,4374,Gemma-3-1B,base,Gemma-3-1B,ewok,26,0.8846153846153846
24,0.448559670781893,0.4412437128486511,4374,Gemma-3-1B,base,Gemma-3-1B,ewok,26,0.9230769230769231
25,0.45564700502972105,0.4492455418381344,4374,Gemma-3-1B,base,Gemma-3-1B,ewok,26,0.9615384615384616
26,0.5265203475080018,0.5080018289894833,4374,Gemma-3-1B,base,Gemma-3-1B,ewok,26,1.0
1,0.45732835820895523,0.4487761194029851,67000,Gemma-3-1B,it,Gemma-3-1B-it,blimp,26,0.038461538461538464
2,0.46086567164179104,0.45850746268656717,67000,Gemma-3-1B,it,Gemma-3-1B-it,blimp,26,0.07692307692307693
3,0.4854477611940298,0.47973134328358213,67000,Gemma-3-1B,it,Gemma-3-1B-it,blimp,26,0.11538461538461539
4,0.4346417910447761,0.4139850746268656,67000,Gemma-3-1B,it,Gemma-3-1B-it,blimp,26,0.15384615384615385
5,0.3973731343283582,0.39358208955223883,67000,Gemma-3-1B,it,Gemma-3-1B-it,blimp,26,0.19230769230769232
6,0.39297014925373136,0.37059701492537317,67000,Gemma-3-1B,it,Gemma-3-1B-it,blimp,26,0.23076923076923078
7,0.38637313432835824,0.37117910447761193,67000,Gemma-3-1B,it,Gemma-3-1B-it,blimp,26,0.2692307692307692
8,0.34992537313432837,0.32623880597014926,67000,Gemma-3-1B,it,Gemma-3-1B-it,blimp,26,0.3076923076923077
9,0.33817910447761196,0.3192089552238806,67000,Gemma-3-1B,it,Gemma-3-1B-it,blimp,26,0.34615384615384615
10,0.34034328358208954,0.325910447761194,67000,Gemma-3-1B,it,Gemma-3-1B-it,blimp,26,0.38461538461538464
11,0.3311492537313433,0.30761194029850747,67000,Gemma-3-1B,it,Gemma-3-1B-it,blimp,26,0.4230769230769231
12,0.3168059701492537,0.28732835820895525,67000,Gemma-3-1B,it,Gemma-3-1B-it,blimp,26,0.46153846153846156
13,0.31977611940298506,0.2957313432835821,67000,Gemma-3-1B,it,Gemma-3-1B-it,blimp,26,0.5
14,0.3205970149253731,0.2989253731343283,67000,Gemma-3-1B,it,Gemma-3-1B-it,blimp,26,0.5384615384615384
15,0.33934328358208954,0.32150746268656716,67000,Gemma-3-1B,it,Gemma-3-1B-it,blimp,26,0.5769230769230769
16,0.3608507462686567,0.34761194029850745,67000,Gemma-3-1B,it,Gemma-3-1B-it,blimp,26,0.6153846153846154
17,0.3891492537313433,0.3818805970149253,67000,Gemma-3-1B,it,Gemma-3-1B-it,blimp,26,0.6538461538461539
18,0.38398507462686565,0.3752388059701493,67000,Gemma-3-1B,it,Gemma-3-1B-it,blimp,26,0.6923076923076923
19,0.3898059701492537,0.37043283582089553,67000,Gemma-3-1B,it,Gemma-3-1B-it,blimp,26,0.7307692307692307
20,0.41608955223880595,0.3974029850746269,67000,Gemma-3-1B,it,Gemma-3-1B-it,blimp,26,0.7692307692307693
21,0.42380597014925375,0.41040298507462686,67000,Gemma-3-1B,it,Gemma-3-1B-it,blimp,26,0.8076923076923077
22,0.42540298507462687,0.4149402985074627,67000,Gemma-3-1B,it,Gemma-3-1B-it,blimp,26,0.8461538461538461
23,0.4328507462686567,0.42540298507462687,67000,Gemma-3-1B,it,Gemma-3-1B-it,blimp,26,0.8846153846153846
24,0.42644776119402983,0.4184477611940299,67000,Gemma-3-1B,it,Gemma-3-1B-it,blimp,26,0.9230769230769231
25,0.4673432835820896,0.45949253731343287,67000,Gemma-3-1B,it,Gemma-3-1B-it,blimp,26,0.9615384615384616
26,0.6997910447761194,0.6865074626865671,67000,Gemma-3-1B,it,Gemma-3-1B-it,blimp,26,1.0
1,0.5121170553269319,0.5297210791037952,4374,Gemma-3-1B,it,Gemma-3-1B-it,ewok,26,0.038461538461538464
2,0.5132601737540009,0.5290352080475538,4374,Gemma-3-1B,it,Gemma-3-1B-it,ewok,26,0.07692307692307693
3,0.534750800182899,0.5219478737997256,4374,Gemma-3-1B,it,Gemma-3-1B-it,ewok,26,0.11538461538461539
4,0.4993141289437586,0.464106081390032,4374,Gemma-3-1B,it,Gemma-3-1B-it,ewok,26,0.15384615384615385
5,0.46433470507544583,0.4666209419295839,4374,Gemma-3-1B,it,Gemma-3-1B-it,ewok,26,0.19230769230769232
6,0.4588477366255144,0.43072702331961593,4374,Gemma-3-1B,it,Gemma-3-1B-it,ewok,26,0.23076923076923078
7,0.4780521262002744,0.459304983996342,4374,Gemma-3-1B,it,Gemma-3-1B-it,ewok,26,0.2692307692307692
8,0.46776406035665297,0.4483310470964792,4374,Gemma-3-1B,it,Gemma-3-1B-it,ewok,26,0.3076923076923077
9,0.4638774577046182,0.4256973022405121,4374,Gemma-3-1B,it,Gemma-3-1B-it,ewok,26,0.34615384615384615
10,0.45038866026520347,0.4311842706904435,4374,Gemma-3-1B,it,Gemma-3-1B-it,ewok,26,0.38461538461538464
11,0.45267489711934156,0.39071787837219935,4374,Gemma-3-1B,it,Gemma-3-1B-it,ewok,26,0.4230769230769231
12,0.4396433470507545,0.38751714677640603,4374,Gemma-3-1B,it,Gemma-3-1B-it,ewok,26,0.46153846153846156
13,0.4405578417924097,0.40580704160951075,4374,Gemma-3-1B,it,Gemma-3-1B-it,ewok,26,0.5
14,0.4336991312299954,0.4021490626428898,4374,Gemma-3-1B,it,Gemma-3-1B-it,ewok,26,0.5384615384615384
15,0.44650205761316875,0.4254686785550983,4374,Gemma-3-1B,it,Gemma-3-1B-it,ewok,26,0.5769230769230769
16,0.427069044352995,0.41655235482395975,4374,Gemma-3-1B,it,Gemma-3-1B-it,ewok,26,0.6153846153846154
17,0.433013260173754,0.43004115226337447,4374,Gemma-3-1B,it,Gemma-3-1B-it,ewok,26,0.6538461538461539
18,0.4453589391860997,0.4414723365340649,4374,Gemma-3-1B,it,Gemma-3-1B-it,ewok,26,0.6923076923076923
19,0.45953360768175583,0.4295839048925469,4374,Gemma-3-1B,it,Gemma-3-1B-it,ewok,26,0.7307692307692307
20,0.4586191129401006,0.43872885230909925,4374,Gemma-3-1B,it,Gemma-3-1B-it,ewok,26,0.7692307692307693
21,0.4609053497942387,0.44467306812985824,4374,Gemma-3-1B,it,Gemma-3-1B-it,ewok,26,0.8076923076923077
22,0.4529035208047554,0.4458161865569273,4374,Gemma-3-1B,it,Gemma-3-1B-it,ewok,26,0.8461538461538461
23,0.453360768175583,0.4508459076360311,4374,Gemma-3-1B,it,Gemma-3-1B-it,ewok,26,0.8846153846153846
24,0.4529035208047554,0.45656149977137633,4374,Gemma-3-1B,it,Gemma-3-1B-it,ewok,26,0.9230769230769231
25,0.45038866026520347,0.45198902606310015,4374,Gemma-3-1B,it,Gemma-3-1B-it,ewok,26,0.9615384615384616
26,0.5386374028349337,0.5253772290809328,4374,Gemma-3-1B,it,Gemma-3-1B-it,ewok,26,1.0
1,0.36328358208955225,0.34043283582089556,67000,Gemma-3-4B,base,Gemma-3-4B,blimp,34,0.029411764705882353
2,0.3774477611940299,0.3597313432835821,67000,Gemma-3-4B,base,Gemma-3-4B,blimp,34,0.058823529411764705
3,0.3425820895522388,0.3228358208955224,67000,Gemma-3-4B,base,Gemma-3-4B,blimp,34,0.08823529411764706
4,0.3300746268656716,0.3055074626865672,67000,Gemma-3-4B,base,Gemma-3-4B,blimp,34,0.11764705882352941
5,0.3226865671641791,0.2981194029850746,67000,Gemma-3-4B,base,Gemma-3-4B,blimp,34,0.14705882352941177
6,0.2968059701492537,0.2841791044776119,67000,Gemma-3-4B,base,Gemma-3-4B,blimp,34,0.17647058823529413
7,0.28240298507462686,0.25638805970149253,67000,Gemma-3-4B,base,Gemma-3-4B,blimp,34,0.20588235294117646
8,0.298089552238806,0.2767313432835821,67000,Gemma-3-4B,base,Gemma-3-4B,blimp,34,0.23529411764705882
9,0.2536268656716418,0.23982089552238808,67000,Gemma-3-4B,base,Gemma-3-4B,blimp,34,0.2647058823529412
10,0.2691641791044776,0.2504776119402985,67000,Gemma-3-4B,base,Gemma-3-4B,blimp,34,0.29411764705882354
11,0.273044776119403,0.2503283582089552,67000,Gemma-3-4B,base,Gemma-3-4B,blimp,34,0.3235294117647059
12,0.2663134328358209,0.24516417910447763,67000,Gemma-3-4B,base,Gemma-3-4B,blimp,34,0.35294117647058826
13,0.26568656716417915,0.2506865671641791,67000,Gemma-3-4B,base,Gemma-3-4B,blimp,34,0.38235294117647056
14,0.2649402985074627,0.24732835820895524,67000,Gemma-3-4B,base,Gemma-3-4B,blimp,34,0.4117647058823529
15,0.25019402985074624,0.2295074626865672,67000,Gemma-3-4B,base,Gemma-3-4B,blimp,34,0.4411764705882353
16,0.2585970149253731,0.2384925373134328,67000,Gemma-3-4B,base,Gemma-3-4B,blimp,34,0.47058823529411764
17,0.25864179104477614,0.23774626865671641,67000,Gemma-3-4B,base,Gemma-3-4B,blimp,34,0.5
18,0.264910447761194,0.2421492537313433,67000,Gemma-3-4B,base,Gemma-3-4B,blimp,34,0.5294117647058824
19,0.2714029850746269,0.24959701492537312,67000,Gemma-3-4B,base,Gemma-3-4B,blimp,34,0.5588235294117647
20,0.28476119402985073,0.2626268656716418,67000,Gemma-3-4B,base,Gemma-3-4B,blimp,34,0.5882352941176471
21,0.31322388059701495,0.2924328358208955,67000,Gemma-3-4B,base,Gemma-3-4B,blimp,34,0.6176470588235294
22,0.3346716417910448,0.31498507462686565,67000,Gemma-3-4B,base,Gemma-3-4B,blimp,34,0.6470588235294118
23,0.37361194029850747,0.3542537313432836,67000,Gemma-3-4B,base,Gemma-3-4B,blimp,34,0.6764705882352942
24,0.39307462686567163,0.37370149253731344,67000,Gemma-3-4B,base,Gemma-3-4B,blimp,34,0.7058823529411765
25,0.40455223880597013,0.3869850746268657,67000,Gemma-3-4B,base,Gemma-3-4B,blimp,34,0.7352941176470589
26,0.43270149253731344,0.41549253731343283,67000,Gemma-3-4B,base,Gemma-3-4B,blimp,34,0.7647058823529411
27,0.433,0.41453731343283584,67000,Gemma-3-4B,base,Gemma-3-4B,blimp,34,0.7941176470588235
28,0.43902985074626866,0.421,67000,Gemma-3-4B,base,Gemma-3-4B,blimp,34,0.8235294117647058
29,0.4788208955223881,0.454820895522388,67000,Gemma-3-4B,base,Gemma-3-4B,blimp,34,0.8529411764705882
30,0.48362686567164176,0.458,67000,Gemma-3-4B,base,Gemma-3-4B,blimp,34,0.8823529411764706
31,0.49380597014925376,0.46980597014925374,67000,Gemma-3-4B,base,Gemma-3-4B,blimp,34,0.9117647058823529
32,0.536820895522388,0.5227761194029851,67000,Gemma-3-4B,base,Gemma-3-4B,blimp,34,0.9411764705882353
33,0.591044776119403,0.586089552238806,67000,Gemma-3-4B,base,Gemma-3-4B,blimp,34,0.9705882352941176
34,0.7774029850746268,0.7544328358208955,67000,Gemma-3-4B,base,Gemma-3-4B,blimp,34,1.0
1,0.3838591678097851,0.3813443072702332,4374,Gemma-3-4B,base,Gemma-3-4B,ewok,34,0.029411764705882353
2,0.4023776863283036,0.40100594421582075,4374,Gemma-3-4B,base,Gemma-3-4B,ewok,34,0.058823529411764705
3,0.42455418381344306,0.40420667581161407,4374,Gemma-3-4B,base,Gemma-3-4B,ewok,34,0.08823529411764706
4,0.41289437585733885,0.39849108367626884,4374,Gemma-3-4B,base,Gemma-3-4B,ewok,34,0.11764705882352941
5,0.4279835390946502,0.41129401005944216,4374,Gemma-3-4B,base,Gemma-3-4B,ewok,34,0.14705882352941177
6,0.40809327846364885,0.37037037037037035,4374,Gemma-3-4B,base,Gemma-3-4B,ewok,34,0.17647058823529413
7,0.40054869684499317,0.3811156835848194,4374,Gemma-3-4B,base,Gemma-3-4B,ewok,34,0.20588235294117646
8,0.42112482853223593,0.4044352994970279,4374,Gemma-3-4B,base,Gemma-3-4B,ewok,34,0.23529411764705882
9,0.42386831275720166,0.3936899862825789,4374,Gemma-3-4B,base,Gemma-3-4B,ewok,34,0.2647058823529412
10,0.4304983996342021,0.4147233653406493,4374,Gemma-3-4B,base,Gemma-3-4B,ewok,34,0.29411764705882354
11,0.45724737082761774,0.43232738911751256,4374,Gemma-3-4B,base,Gemma-3-4B,ewok,34,0.3235294117647059
12,0.4508459076360311,0.418609967992684,4374,Gemma-3-4B,base,Gemma-3-4B,ewok,34,0.35294117647058826
13,0.44467306812985824,0.4149519890260631,4374,Gemma-3-4B,base,Gemma-3-4B,ewok,34,0.38235294117647056
14,0.45496113397347965,0.43918609967992683,4374,Gemma-3-4B,base,Gemma-3-4B,ewok,34,0.4117647058823529
15,0.4433013260173754,0.42638317329675357,4374,Gemma-3-4B,base,Gemma-3-4B,ewok,34,0.4411764705882353
16,0.44192958390489256,0.42661179698216734,4374,Gemma-3-4B,base,Gemma-3-4B,ewok,34,0.47058823529411764
17,0.4336991312299954,0.41678097850937357,4374,Gemma-3-4B,base,Gemma-3-4B,ewok,34,0.5
18,0.4325560128029264,0.4074074074074074,4374,Gemma-3-4B,base,Gemma-3-4B,ewok,34,0.5294117647058824
19,0.43850022862368543,0.395976223136717,4374,Gemma-3-4B,base,Gemma-3-4B,ewok,34,0.5588235294117647
20,0.4295839048925469,0.3895747599451303,4374,Gemma-3-4B,base,Gemma-3-4B,ewok,34,0.5882352941176471
21,0.4295839048925469,0.3991769547325103,4374,Gemma-3-4B,base,Gemma-3-4B,ewok,34,0.6176470588235294
22,0.4355281207133059,0.40580704160951075,4374,Gemma-3-4B,base,Gemma-3-4B,ewok,34,0.6470588235294118
23,0.44558756287151347,0.4156378600823045,4374,Gemma-3-4B,base,Gemma-3-4B,ewok,34,0.6764705882352942
24,0.45976223136716965,0.4325560128029264,4374,Gemma-3-4B,base,Gemma-3-4B,ewok,34,0.7058823529411765
25,0.4661636945587563,0.43872885230909925,4374,Gemma-3-4B,base,Gemma-3-4B,ewok,34,0.7352941176470589
26,0.4695930498399634,0.45267489711934156,4374,Gemma-3-4B,base,Gemma-3-4B,ewok,34,0.7647058823529411
27,0.46799268404206673,0.4538180155464106,4374,Gemma-3-4B,base,Gemma-3-4B,ewok,34,0.7941176470588235
28,0.4693644261545496,0.46433470507544583,4374,Gemma-3-4B,base,Gemma-3-4B,ewok,34,0.8235294117647058
29,0.4732510288065844,0.4654778235025149,4374,Gemma-3-4B,base,Gemma-3-4B,ewok,34,0.8529411764705882
30,0.4673068129858253,0.4691358024691358,4374,Gemma-3-4B,base,Gemma-3-4B,ewok,34,0.8823529411764706
31,0.47462277091906724,0.46364883401920437,4374,Gemma-3-4B,base,Gemma-3-4B,ewok,34,0.9117647058823529
32,0.47370827617741196,0.4721079103795153,4374,Gemma-3-4B,base,Gemma-3-4B,ewok,34,0.9411764705882353
33,0.4673068129858253,0.4476451760402378,4374,Gemma-3-4B,base,Gemma-3-4B,ewok,34,0.9705882352941176
34,0.5278920896204847,0.4874256973022405,4374,Gemma-3-4B,base,Gemma-3-4B,ewok,34,1.0
1,0.41147761194029847,0.3902238805970149,67000,Gemma-3-4B,it,Gemma-3-4B-it,blimp,34,0.029411764705882353
2,0.42686567164179107,0.4085522388059702,67000,Gemma-3-4B,it,Gemma-3-4B-it,blimp,34,0.058823529411764705
3,0.41208955223880595,0.39705970149253733,67000,Gemma-3-4B,it,Gemma-3-4B-it,blimp,34,0.08823529411764706
4,0.3873432835820896,0.36668656716417913,67000,Gemma-3-4B,it,Gemma-3-4B-it,blimp,34,0.11764705882352941
5,0.4082238805970149,0.379,67000,Gemma-3-4B,it,Gemma-3-4B-it,blimp,34,0.14705882352941177
6,0.38597014925373135,0.3631940298507463,67000,Gemma-3-4B,it,Gemma-3-4B-it,blimp,34,0.17647058823529413
7,0.3477164179104478,0.3297910447761194,67000,Gemma-3-4B,it,Gemma-3-4B-it,blimp,34,0.20588235294117646
8,0.3733134328358209,0.3376119402985075,67000,Gemma-3-4B,it,Gemma-3-4B-it,blimp,34,0.23529411764705882
9,0.28465671641791046,0.2605970149253731,67000,Gemma-3-4B,it,Gemma-3-4B-it,blimp,34,0.2647058823529412
10,0.3517313432835821,0.31371641791044774,67000,Gemma-3-4B,it,Gemma-3-4B-it,blimp,34,0.29411764705882354
11,0.3218955223880597,0.29840298507462687,67000,Gemma-3-4B,it,Gemma-3-4B-it,blimp,34,0.3235294117647059
12,0.3146268656716418,0.28367164179104476,67000,Gemma-3-4B,it,Gemma-3-4B-it,blimp,34,0.35294117647058826
13,0.31695522388059705,0.27698507462686567,67000,Gemma-3-4B,it,Gemma-3-4B-it,blimp,34,0.38235294117647056
14,0.34023880597014927,0.30601492537313435,67000,Gemma-3-4B,it,Gemma-3-4B-it,blimp,34,0.4117647058823529
15,0.30328358208955225,0.27331343283582094,67000,Gemma-3-4B,it,Gemma-3-4B-it,blimp,34,0.4411764705882353
16,0.30649253731343284,0.27928358208955223,67000,Gemma-3-4B,it,Gemma-3-4B-it,blimp,34,0.47058823529411764
17,0.3114776119402985,0.28619402985074627,67000,Gemma-3-4B,it,Gemma-3-4B-it,blimp,34,0.5
18,0.31617910447761194,0.29610447761194025,67000,Gemma-3-4B,it,Gemma-3-4B-it,blimp,34,0.5294117647058824
19,0.31838805970149253,0.30004477611940295,67000,Gemma-3-4B,it,Gemma-3-4B-it,blimp,34,0.5588235294117647
20,0.3298805970149254,0.30659701492537317,67000,Gemma-3-4B,it,Gemma-3-4B-it,blimp,34,0.5882352941176471
21,0.36534328358208956,0.33507462686567163,67000,Gemma-3-4B,it,Gemma-3-4B-it,blimp,34,0.6176470588235294
22,0.39013432835820894,0.3553731343283582,67000,Gemma-3-4B,it,Gemma-3-4B-it,blimp,34,0.6470588235294118
23,0.431,0.3994328358208955,67000,Gemma-3-4B,it,Gemma-3-4B-it,blimp,34,0.6764705882352942
24,0.44056716417910446,0.41282089552238804,67000,Gemma-3-4B,it,Gemma-3-4B-it,blimp,34,0.7058823529411765
25,0.451820895522388,0.4261940298507463,67000,Gemma-3-4B,it,Gemma-3-4B-it,blimp,34,0.7352941176470589
26,0.47705970149253735,0.45471641791044776,67000,Gemma-3-4B,it,Gemma-3-4B-it,blimp,34,0.7647058823529411
27,0.4755970149253731,0.4598358208955224,67000,Gemma-3-4B,it,Gemma-3-4B-it,blimp,34,0.7941176470588235
28,0.4816865671641792,0.4712686567164179,67000,Gemma-3-4B,it,Gemma-3-4B-it,blimp,34,0.8235294117647058
29,0.4983880597014926,0.492865671641791,67000,Gemma-3-4B,it,Gemma-3-4B-it,blimp,34,0.8529411764705882
30,0.5049402985074627,0.5013134328358209,67000,Gemma-3-4B,it,Gemma-3-4B-it,blimp,34,0.8823529411764706
31,0.5272835820895523,0.5237164179104478,67000,Gemma-3-4B,it,Gemma-3-4B-it,blimp,34,0.9117647058823529
32,0.5500149253731343,0.549179104477612,67000,Gemma-3-4B,it,Gemma-3-4B-it,blimp,34,0.9411764705882353
33,0.5947761194029851,0.5949253731343284,67000,Gemma-3-4B,it,Gemma-3-4B-it,blimp,34,0.9705882352941176
34,0.6078656716417911,0.5918358208955223,67000,Gemma-3-4B,it,Gemma-3-4B-it,blimp,34,1.0
1,0.4286694101508916,0.3898033836305441,4374,Gemma-3-4B,it,Gemma-3-4B-it,ewok,34,0.029411764705882353
2,0.4513031550068587,0.41426611796982166,4374,Gemma-3-4B,it,Gemma-3-4B-it,ewok,34,0.058823529411764705
3,0.46044810242341105,0.4357567443987197,4374,Gemma-3-4B,it,Gemma-3-4B-it,ewok,34,0.08823529411764706
4,0.4794238683127572,0.464106081390032,4374,Gemma-3-4B,it,Gemma-3-4B-it,ewok,34,0.11764705882352941
5,0.4561042524005487,0.41037951531778694,4374,Gemma-3-4B,it,Gemma-3-4B-it,ewok,34,0.14705882352941177
6,0.43850022862368543,0.39803383630544126,4374,Gemma-3-4B,it,Gemma-3-4B-it,ewok,34,0.17647058823529413
7,0.4563328760859625,0.4348422496570645,4374,Gemma-3-4B,it,Gemma-3-4B-it,ewok,34,0.20588235294117646
8,0.44947416552354824,0.4023776863283036,4374,Gemma-3-4B,it,Gemma-3-4B-it,ewok,34,0.23529411764705882
9,0.4140374942844079,0.38705989940557844,4374,Gemma-3-4B,it,Gemma-3-4B-it,ewok,34,0.2647058823529412
10,0.44398719707361683,0.3920896204846822,4374,Gemma-3-4B,it,Gemma-3-4B-it,ewok,34,0.29411764705882354
11,0.44170096021947874,0.4224965706447188,4374,Gemma-3-4B,it,Gemma-3-4B-it,ewok,34,0.3235294117647059
12,0.4460448102423411,0.40397805212620025,4374,Gemma-3-4B,it,Gemma-3-4B-it,ewok,34,0.35294117647058826
13,0.4410150891632373,0.38454503886602653,4374,Gemma-3-4B,it,Gemma-3-4B-it,ewok,34,0.38235294117647056
14,0.4531321444901692,0.4204389574759945,4374,Gemma-3-4B,it,Gemma-3-4B-it,ewok,34,0.4117647058823529
15,0.43689986282578874,0.40420667581161407,4374,Gemma-3-4B,it,Gemma-3-4B-it,ewok,34,0.4411764705882353
16,0.44010059442158206,0.4199817101051669,4374,Gemma-3-4B,it,Gemma-3-4B-it,ewok,34,0.47058823529411764
17,0.43438500228623683,0.4154092363968907,4374,Gemma-3-4B,it,Gemma-3-4B-it,ewok,34,0.5
18,0.43712848651120256,0.4202103337905807,4374,Gemma-3-4B,it,Gemma-3-4B-it,ewok,34,0.5294117647058824
19,0.4355281207133059,0.4199817101051669,4374,Gemma-3-4B,it,Gemma-3-4B-it,ewok,34,0.5588235294117647
20,0.43850022862368543,0.41838134430727025,4374,Gemma-3-4B,it,Gemma-3-4B-it,ewok,34,0.5882352941176471
21,0.4405578417924097,0.39803383630544126,4374,Gemma-3-4B,it,Gemma-3-4B-it,ewok,34,0.6176470588235294
22,0.44192958390489256,0.3927754915409236,4374,Gemma-3-4B,it,Gemma-3-4B-it,ewok,34,0.6470588235294118
23,0.4510745313214449,0.40626428898033834,4374,Gemma-3-4B,it,Gemma-3-4B-it,ewok,34,0.6764705882352942
24,0.4588477366255144,0.42844078646547784,4374,Gemma-3-4B,it,Gemma-3-4B-it,ewok,34,0.7058823529411765
25,0.4673068129858253,0.44238683127572015,4374,Gemma-3-4B,it,Gemma-3-4B-it,ewok,34,0.7352941176470589
26,0.4663923182441701,0.44490169181527206,4374,Gemma-3-4B,it,Gemma-3-4B-it,ewok,34,0.7647058823529411
27,0.45656149977137633,0.44010059442158206,4374,Gemma-3-4B,it,Gemma-3-4B-it,ewok,34,0.7941176470588235
28,0.45564700502972105,0.43872885230909925,4374,Gemma-3-4B,it,Gemma-3-4B-it,ewok,34,0.8235294117647058
29,0.45244627343392774,0.43461362597165065,4374,Gemma-3-4B,it,Gemma-3-4B-it,ewok,34,0.8529411764705882
30,0.45496113397347965,0.4403292181069959,4374,Gemma-3-4B,it,Gemma-3-4B-it,ewok,34,0.8823529411764706
31,0.46524919981710106,0.4483310470964792,4374,Gemma-3-4B,it,Gemma-3-4B-it,ewok,34,0.9117647058823529
32,0.46684956561499774,0.4529035208047554,4374,Gemma-3-4B,it,Gemma-3-4B-it,ewok,34,0.9411764705882353
33,0.48148148148148145,0.4606767261088249,4374,Gemma-3-4B,it,Gemma-3-4B-it,ewok,34,0.9705882352941176
34,0.48788294467306814,0.4634202103337906,4374,Gemma-3-4B,it,Gemma-3-4B-it,ewok,34,1.0
1,0.09265671641791046,0.0,67000,Mistral-7B,base,Mistral-7B,blimp,32,0.03125
2,0.15444776119402984,0.13222388059701493,67000,Mistral-7B,base,Mistral-7B,blimp,32,0.0625
3,0.1544328358208955,0.13208955223880597,67000,Mistral-7B,base,Mistral-7B,blimp,32,0.09375
4,0.15444776119402984,0.13222388059701493,67000,Mistral-7B,base,Mistral-7B,blimp,32,0.125
5,0.16014925373134328,0.13229850746268657,67000,Mistral-7B,base,Mistral-7B,blimp,32,0.15625
6,0.16119402985074627,0.1335820895522388,67000,Mistral-7B,base,Mistral-7B,blimp,32,0.1875
7,0.16232835820895522,0.1357910447761194,67000,Mistral-7B,base,Mistral-7B,blimp,32,0.21875
8,0.16523880597014926,0.13946268656716418,67000,Mistral-7B,base,Mistral-7B,blimp,32,0.25
9,0.1668955223880597,0.1422537313432836,67000,Mistral-7B,base,Mistral-7B,blimp,32,0.28125
10,0.17086567164179106,0.146955223880597,67000,Mistral-7B,base,Mistral-7B,blimp,32,0.3125
11,0.1733134328358209,0.15031343283582088,67000,Mistral-7B,base,Mistral-7B,blimp,32,0.34375
12,0.17753731343283582,0.15386567164179105,67000,Mistral-7B,base,Mistral-7B,blimp,32,0.375
13,0.18156716417910446,0.15970149253731342,67000,Mistral-7B,base,Mistral-7B,blimp,32,0.40625
14,0.18634328358208954,0.1640597014925373,67000,Mistral-7B,base,Mistral-7B,blimp,32,0.4375
15,0.19499999999999998,0.17329850746268657,67000,Mistral-7B,base,Mistral-7B,blimp,32,0.46875
16,0.20170149253731343,0.1833731343283582,67000,Mistral-7B,base,Mistral-7B,blimp,32,0.5
17,0.21177611940298507,0.19459701492537315,67000,Mistral-7B,base,Mistral-7B,blimp,32,0.53125
18,0.22716417910447761,0.20640298507462687,67000,Mistral-7B,base,Mistral-7B,blimp,32,0.5625
19,0.24552238805970147,0.22707462686567165,67000,Mistral-7B,base,Mistral-7B,blimp,32,0.59375
20,0.27734328358208954,0.2628059701492537,67000,Mistral-7B,base,Mistral-7B,blimp,32,0.625
21,0.29634328358208956,0.2835522388059702,67000,Mistral-7B,base,Mistral-7B,blimp,32,0.65625
22,0.31897014925373135,0.3096268656716418,67000,Mistral-7B,base,Mistral-7B,blimp,32,0.6875
23,0.3370149253731343,0.32952238805970147,67000,Mistral-7B,base,Mistral-7B,blimp,32,0.71875
24,0.38370149253731345,0.37246268656716414,67000,Mistral-7B,base,Mistral-7B,blimp,32,0.75
25,0.41259701492537315,0.4007611940298507,67000,Mistral-7B,base,Mistral-7B,blimp,32,0.78125
26,0.42579104477611945,0.41507462686567165,67000,Mistral-7B,base,Mistral-7B,blimp,32,0.8125
27,0.45438805970149254,0.44329850746268656,67000,Mistral-7B,base,Mistral-7B,blimp,32,0.84375
28,0.496134328358209,0.48631343283582085,67000,Mistral-7B,base,Mistral-7B,blimp,32,0.875
29,0.538179104477612,0.5210895522388059,67000,Mistral-7B,base,Mistral-7B,blimp,32,0.90625
30,0.5806417910447761,0.5614029850746268,67000,Mistral-7B,base,Mistral-7B,blimp,32,0.9375
31,0.610865671641791,0.5863283582089552,67000,Mistral-7B,base,Mistral-7B,blimp,32,0.96875
32,0.8228805970149254,0.7952089552238807,67000,Mistral-7B,base,Mistral-7B,blimp,32,1.0
1,0.23273891175125744,0.0,4374,Mistral-7B,base,Mistral-7B,ewok,32,0.03125
2,0.2700045724737083,0.21856424325560128,4374,Mistral-7B,base,Mistral-7B,ewok,32,0.0625
3,0.2700045724737083,0.21764974851394606,4374,Mistral-7B,base,Mistral-7B,ewok,32,0.09375
4,0.2704618198445359,0.2194787379972565,4374,Mistral-7B,base,Mistral-7B,ewok,32,0.125
5,0.2700045724737083,0.21993598536808415,4374,Mistral-7B,base,Mistral-7B,ewok,32,0.15625
6,0.27023319615912206,0.216506630086877,4374,Mistral-7B,base,Mistral-7B,ewok,32,0.1875
7,0.27206218564243256,0.21856424325560128,4374,Mistral-7B,base,Mistral-7B,ewok,32,0.21875
8,0.2752629172382259,0.21993598536808415,4374,Mistral-7B,base,Mistral-7B,ewok,32,0.25
9,0.2764060356652949,0.2222222222222222,4374,Mistral-7B,base,Mistral-7B,ewok,32,0.28125
10,0.27754915409236397,0.2245084590763603,4374,Mistral-7B,base,Mistral-7B,ewok,32,0.3125
11,0.278692272519433,0.2238225880201189,4374,Mistral-7B,base,Mistral-7B,ewok,32,0.34375
12,0.28189300411522633,0.22542295381801555,4374,Mistral-7B,base,Mistral-7B,ewok,32,0.375
13,0.28440786465477824,0.22519433013260173,4374,Mistral-7B,base,Mistral-7B,ewok,32,0.40625
14,0.28052126200274347,0.22999542752629173,4374,Mistral-7B,base,Mistral-7B,ewok,32,0.4375
15,0.2903520804755373,0.23113854595336078,4374,Mistral-7B,base,Mistral-7B,ewok,32,0.46875
16,0.289437585733882,0.2267946959304984,4374,Mistral-7B,base,Mistral-7B,ewok,32,0.5
17,0.2912665752171925,0.23411065386374028,4374,Mistral-7B,base,Mistral-7B,ewok,32,0.53125
18,0.29446730681298583,0.24165523548239598,4374,Mistral-7B,base,Mistral-7B,ewok,32,0.5625
19,0.3022405121170553,0.25651577503429357,4374,Mistral-7B,base,Mistral-7B,ewok,32,0.59375
20,0.2965249199817101,0.24394147233653407,4374,Mistral-7B,base,Mistral-7B,ewok,32,0.625
21,0.3198445358939186,0.2652034750800183,4374,Mistral-7B,base,Mistral-7B,ewok,32,0.65625
22,0.31824417009602196,0.2658893461362597,4374,Mistral-7B,base,Mistral-7B,ewok,32,0.6875
23,0.3216735253772291,0.2704618198445359,4374,Mistral-7B,base,Mistral-7B,ewok,32,0.71875
24,0.3303612254229538,0.2658893461362597,4374,Mistral-7B,base,Mistral-7B,ewok,32,0.75
25,0.33676268861454045,0.2837219935985368,4374,Mistral-7B,base,Mistral-7B,ewok,32,0.78125
26,0.33699131229995427,0.2962962962962963,4374,Mistral-7B,base,Mistral-7B,ewok,32,0.8125
27,0.35893918609967995,0.29698216735253774,4374,Mistral-7B,base,Mistral-7B,ewok,32,0.84375
28,0.35802469135802467,0.309785093735711,4374,Mistral-7B,base,Mistral-7B,ewok,32,0.875
29,0.375628715134888,0.3113854595336077,4374,Mistral-7B,base,Mistral-7B,ewok,32,0.90625
30,0.3850022862368541,0.32418838591678095,4374,Mistral-7B,base,Mistral-7B,ewok,32,0.9375
31,0.39483310470964794,0.3244170096021948,4374,Mistral-7B,base,Mistral-7B,ewok,32,0.96875
32,0.5324645633287609,0.5153177869227252,4374,Mistral-7B,base,Mistral-7B,ewok,32,1.0
1,0.09220895522388059,0.0,67000,Mistral-7B,it,Mistral-7B-it,blimp,32,0.03125
2,0.09220895522388059,0.0,67000,Mistral-7B,it,Mistral-7B-it,blimp,32,0.0625
3,0.09232835820895523,0.0,67000,Mistral-7B,it,Mistral-7B-it,blimp,32,0.09375
4,0.09746268656716418,0.0,67000,Mistral-7B,it,Mistral-7B-it,blimp,32,0.125
5,0.09865671641791045,0.0,67000,Mistral-7B,it,Mistral-7B-it,blimp,32,0.15625
6,0.1042089552238806,0.0,67000,Mistral-7B,it,Mistral-7B-it,blimp,32,0.1875
7,0.11213432835820895,4.477611940298508e-05,67000,Mistral-7B,it,Mistral-7B-it,blimp,32,0.21875
8,0.12249253731343285,0.00016417910447761192,67000,Mistral-7B,it,Mistral-7B-it,blimp,32,0.25
9,0.12911940298507463,0.0008507462686567163,67000,Mistral-7B,it,Mistral-7B-it,blimp,32,0.28125
10,0.135044776119403,0.0017014925373134329,67000,Mistral-7B,it,Mistral-7B-it,blimp,32,0.3125
11,0.13850746268656716,0.004298507462686567,67000,Mistral-7B,it,Mistral-7B-it,blimp,32,0.34375
12,0.1432537313432836,0.006,67000,Mistral-7B,it,Mistral-7B-it,blimp,32,0.375
13,0.15640298507462685,0.013537313432835821,67000,Mistral-7B,it,Mistral-7B-it,blimp,32,0.40625
14,0.1676865671641791,0.02746268656716418,67000,Mistral-7B,it,Mistral-7B-it,blimp,32,0.4375
15,0.17177611940298507,0.043402985074626865,67000,Mistral-7B,it,Mistral-7B-it,blimp,32,0.46875
16,0.18422388059701492,0.08743283582089552,67000,Mistral-7B,it,Mistral-7B-it,blimp,32,0.5
17,0.1943731343283582,0.12401492537313431,67000,Mistral-7B,it,Mistral-7B-it,blimp,32,0.53125
18,0.2045820895522388,0.14538805970149254,67000,Mistral-7B,it,Mistral-7B-it,blimp,32,0.5625
19,0.2247462686567164,0.1507910447761194,67000,Mistral-7B,it,Mistral-7B-it,blimp,32,0.59375
20,0.25146268656716414,0.17228358208955225,67000,Mistral-7B,it,Mistral-7B-it,blimp,32,0.625
21,0.2675522388059701,0.19828358208955224,67000,Mistral-7B,it,Mistral-7B-it,blimp,32,0.65625
22,0.29168656716417907,0.21992537313432836,67000,Mistral-7B,it,Mistral-7B-it,blimp,32,0.6875
23,0.31249253731343285,0.24308955223880596,67000,Mistral-7B,it,Mistral-7B-it,blimp,32,0.71875
24,0.3591940298507463,0.29226865671641794,67000,Mistral-7B,it,Mistral-7B-it,blimp,32,0.75
25,0.381,0.31864179104477613,67000,Mistral-7B,it,Mistral-7B-it,blimp,32,0.78125
26,0.39359701492537313,0.3366268656716418,67000,Mistral-7B,it,Mistral-7B-it,blimp,32,0.8125
27,0.4156268656716418,0.36635820895522386,67000,Mistral-7B,it,Mistral-7B-it,blimp,32,0.84375
28,0.4477761194029851,0.4019701492537313,67000,Mistral-7B,it,Mistral-7B-it,blimp,32,0.875
29,0.4766716417910448,0.4388358208955224,67000,Mistral-7B,it,Mistral-7B-it,blimp,32,0.90625
30,0.5135223880597015,0.4707313432835821,67000,Mistral-7B,it,Mistral-7B-it,blimp,32,0.9375
31,0.5422835820895522,0.5019253731343283,67000,Mistral-7B,it,Mistral-7B-it,blimp,32,0.96875
32,0.7226268656716417,0.6985671641791045,67000,Mistral-7B,it,Mistral-7B-it,blimp,32,1.0
1,0.232053040695016,0.0,4374,Mistral-7B,it,Mistral-7B-it,ewok,32,0.03125
2,0.232053040695016,0.0,4374,Mistral-7B,it,Mistral-7B-it,ewok,32,0.0625
3,0.23296753543667123,0.0,4374,Mistral-7B,it,Mistral-7B-it,ewok,32,0.09375
4,0.23273891175125744,0.0,4374,Mistral-7B,it,Mistral-7B-it,ewok,32,0.125
5,0.23411065386374028,0.0,4374,Mistral-7B,it,Mistral-7B-it,ewok,32,0.15625
6,0.23571101966163693,0.0,4374,Mistral-7B,it,Mistral-7B-it,ewok,32,0.1875
7,0.23616826703246457,0.0,4374,Mistral-7B,it,Mistral-7B-it,ewok,32,0.21875
8,0.2393689986282579,0.0,4374,Mistral-7B,it,Mistral-7B-it,ewok,32,0.25
9,0.2453132144490169,0.0,4374,Mistral-7B,it,Mistral-7B-it,ewok,32,0.28125
10,0.24897119341563786,0.004343850022862369,4374,Mistral-7B,it,Mistral-7B-it,ewok,32,0.3125
11,0.25148605395518975,0.006401463191586648,4374,Mistral-7B,it,Mistral-7B-it,ewok,32,0.34375
12,0.2551440329218107,0.013488797439414724,4374,Mistral-7B,it,Mistral-7B-it,ewok,32,0.375
13,0.25171467764060357,0.029721079103795154,4374,Mistral-7B,it,Mistral-7B-it,ewok,32,0.40625
14,0.2558299039780521,0.05212620027434842,4374,Mistral-7B,it,Mistral-7B-it,ewok,32,0.4375
15,0.2574302697759488,0.06081390032007316,4374,Mistral-7B,it,Mistral-7B-it,ewok,32,0.46875
16,0.25468678555098306,0.09053497942386832,4374,Mistral-7B,it,Mistral-7B-it,ewok,32,0.5
17,0.2684042066758116,0.07544581618655692,4374,Mistral-7B,it,Mistral-7B-it,ewok,32,0.53125
18,0.26177411979881116,0.06767261088248742,4374,Mistral-7B,it,Mistral-7B-it,ewok,32,0.5625
19,0.27914951989026066,0.09670781893004116,4374,Mistral-7B,it,Mistral-7B-it,ewok,32,0.59375
20,0.2862368541380887,0.1005944215820759,4374,Mistral-7B,it,Mistral-7B-it,ewok,32,0.625
21,0.30315500685871055,0.1364883401920439,4374,Mistral-7B,it,Mistral-7B-it,ewok,32,0.65625
22,0.3317329675354367,0.17169638774577045,4374,Mistral-7B,it,Mistral-7B-it,ewok,32,0.6875
23,0.3244170096021948,0.17306812985825332,4374,Mistral-7B,it,Mistral-7B-it,ewok,32,0.71875
24,0.33539094650205764,0.18747142203932327,4374,Mistral-7B,it,Mistral-7B-it,ewok,32,0.75
25,0.3532235939643347,0.23731138545953362,4374,Mistral-7B,it,Mistral-7B-it,ewok,32,0.78125
26,0.3676268861454047,0.25171467764060357,4374,Mistral-7B,it,Mistral-7B-it,ewok,32,0.8125
27,0.38294467306812985,0.25331504343850025,4374,Mistral-7B,it,Mistral-7B-it,ewok,32,0.84375
28,0.3763145861911294,0.27434842249657065,4374,Mistral-7B,it,Mistral-7B-it,ewok,32,0.875
29,0.395976223136717,0.3093278463648834,4374,Mistral-7B,it,Mistral-7B-it,ewok,32,0.90625
30,0.4014631915866484,0.30864197530864196,4374,Mistral-7B,it,Mistral-7B-it,ewok,32,0.9375
31,0.39574759945130317,0.30795610425240055,4374,Mistral-7B,it,Mistral-7B-it,ewok,32,0.96875
32,0.5274348422496571,0.5185185185185185,4374,Mistral-7B,it,Mistral-7B-it,ewok,32,1.0
1,0.3218208955223881,0.3038955223880597,67000,Qwen-2.5-7B,base,Qwen-2.5-7B,blimp,28,0.03571428571428571
2,0.3711492537313433,0.36880597014925376,67000,Qwen-2.5-7B,base,Qwen-2.5-7B,blimp,28,0.07142857142857142
3,0.3867462686567164,0.381,67000,Qwen-2.5-7B,base,Qwen-2.5-7B,blimp,28,0.10714285714285714
4,0.1878955223880597,0.1885373134328358,67000,Qwen-2.5-7B,base,Qwen-2.5-7B,blimp,28,0.14285714285714285
5,0.18129850746268658,0.1811641791044776,67000,Qwen-2.5-7B,base,Qwen-2.5-7B,blimp,28,0.17857142857142858
6,0.1863582089552239,0.17838805970149255,67000,Qwen-2.5-7B,base,Qwen-2.5-7B,blimp,28,0.21428571428571427
7,0.18713432835820895,0.17602985074626867,67000,Qwen-2.5-7B,base,Qwen-2.5-7B,blimp,28,0.25
8,0.20159701492537313,0.19137313432835823,67000,Qwen-2.5-7B,base,Qwen-2.5-7B,blimp,28,0.2857142857142857
9,0.21558208955223881,0.20005970149253732,67000,Qwen-2.5-7B,base,Qwen-2.5-7B,blimp,28,0.32142857142857145
10,0.20102985074626864,0.1933731343283582,67000,Qwen-2.5-7B,base,Qwen-2.5-7B,blimp,28,0.35714285714285715
11,0.21470149253731344,0.20170149253731343,67000,Qwen-2.5-7B,base,Qwen-2.5-7B,blimp,28,0.39285714285714285
12,0.2143731343283582,0.20305970149253733,67000,Qwen-2.5-7B,base,Qwen-2.5-7B,blimp,28,0.42857142857142855
13,0.2142686567164179,0.2075223880597015,67000,Qwen-2.5-7B,base,Qwen-2.5-7B,blimp,28,0.4642857142857143
14,0.2173731343283582,0.2090597014925373,67000,Qwen-2.5-7B,base,Qwen-2.5-7B,blimp,28,0.5
15,0.21508955223880596,0.20708955223880596,67000,Qwen-2.5-7B,base,Qwen-2.5-7B,blimp,28,0.5357142857142857
16,0.2333134328358209,0.22086567164179105,67000,Qwen-2.5-7B,base,Qwen-2.5-7B,blimp,28,0.5714285714285714
17,0.24826865671641793,0.2373582089552239,67000,Qwen-2.5-7B,base,Qwen-2.5-7B,blimp,28,0.6071428571428571
18,0.2523731343283582,0.23967164179104478,67000,Qwen-2.5-7B,base,Qwen-2.5-7B,blimp,28,0.6428571428571429
19,0.2651492537313433,0.25101492537313436,67000,Qwen-2.5-7B,base,Qwen-2.5-7B,blimp,28,0.6785714285714286
20,0.2926417910447761,0.28213432835820895,67000,Qwen-2.5-7B,base,Qwen-2.5-7B,blimp,28,0.7142857142857143
21,0.33644776119402986,0.3228805970149254,67000,Qwen-2.5-7B,base,Qwen-2.5-7B,blimp,28,0.75
22,0.388089552238806,0.37555223880597016,67000,Qwen-2.5-7B,base,Qwen-2.5-7B,blimp,28,0.7857142857142857
23,0.42331343283582085,0.41007462686567164,67000,Qwen-2.5-7B,base,Qwen-2.5-7B,blimp,28,0.8214285714285714
24,0.43870149253731344,0.42761194029850746,67000,Qwen-2.5-7B,base,Qwen-2.5-7B,blimp,28,0.8571428571428571
25,0.4667761194029851,0.4545373134328358,67000,Qwen-2.5-7B,base,Qwen-2.5-7B,blimp,28,0.8928571428571429
26,0.5044925373134329,0.48764179104477606,67000,Qwen-2.5-7B,base,Qwen-2.5-7B,blimp,28,0.9285714285714286
27,0.5918955223880598,0.5682835820895523,67000,Qwen-2.5-7B,base,Qwen-2.5-7B,blimp,28,0.9642857142857143
28,0.8070149253731344,0.7860447761194029,67000,Qwen-2.5-7B,base,Qwen-2.5-7B,blimp,28,1.0
1,0.3630544124371285,0.2837219935985368,4374,Qwen-2.5-7B,base,Qwen-2.5-7B,ewok,28,0.03571428571428571
2,0.38042981252857794,0.3278463648834019,4374,Qwen-2.5-7B,base,Qwen-2.5-7B,ewok,28,0.07142857142857142
3,0.4046639231824417,0.3616826703246456,4374,Qwen-2.5-7B,base,Qwen-2.5-7B,ewok,28,0.10714285714285714
4,0.28052126200274347,0.2622313671696388,4374,Qwen-2.5-7B,base,Qwen-2.5-7B,ewok,28,0.14285714285714285
5,0.2782350251486054,0.2496570644718793,4374,Qwen-2.5-7B,base,Qwen-2.5-7B,ewok,28,0.17857142857142858
6,0.2761774119798811,0.25171467764060357,4374,Qwen-2.5-7B,base,Qwen-2.5-7B,ewok,28,0.21428571428571427
7,0.2807498856881573,0.2549154092363969,4374,Qwen-2.5-7B,base,Qwen-2.5-7B,ewok,28,0.25
8,0.2793781435756744,0.26154549611339734,4374,Qwen-2.5-7B,base,Qwen-2.5-7B,ewok,28,0.2857142857142857
9,0.294238683127572,0.2674897119341564,4374,Qwen-2.5-7B,base,Qwen-2.5-7B,ewok,28,0.32142857142857145
10,0.27914951989026066,0.26085962505715593,4374,Qwen-2.5-7B,base,Qwen-2.5-7B,ewok,28,0.35714285714285715
11,0.29926840420667583,0.26726108824874256,4374,Qwen-2.5-7B,base,Qwen-2.5-7B,ewok,28,0.39285714285714285
12,0.2972107910379515,0.2706904435299497,4374,Qwen-2.5-7B,base,Qwen-2.5-7B,ewok,28,0.42857142857142855
13,0.29240969364426156,0.27732053040695015,4374,Qwen-2.5-7B,base,Qwen-2.5-7B,ewok,28,0.4642857142857143
14,0.3084133516232282,0.28143575674439875,4374,Qwen-2.5-7B,base,Qwen-2.5-7B,ewok,28,0.5
15,0.31047096479195246,0.28212162780064015,4374,Qwen-2.5-7B,base,Qwen-2.5-7B,ewok,28,0.5357142857142857
16,0.32030178326474623,0.29469593049839965,4374,Qwen-2.5-7B,base,Qwen-2.5-7B,ewok,28,0.5714285714285714
17,0.3219021490626429,0.29149519890260633,4374,Qwen-2.5-7B,base,Qwen-2.5-7B,ewok,28,0.6071428571428571
18,0.33676268861454045,0.29858253315043437,4374,Qwen-2.5-7B,base,Qwen-2.5-7B,ewok,28,0.6428571428571429
19,0.34865112025605854,0.31572930955647005,4374,Qwen-2.5-7B,base,Qwen-2.5-7B,ewok,28,0.6785714285714286
20,0.366026520347508,0.3319615912208505,4374,Qwen-2.5-7B,base,Qwen-2.5-7B,ewok,28,0.7142857142857143
21,0.3904892546867855,0.36259716506630085,4374,Qwen-2.5-7B,base,Qwen-2.5-7B,ewok,28,0.75
22,0.40626428898033834,0.3818015546410608,4374,Qwen-2.5-7B,base,Qwen-2.5-7B,ewok,28,0.7857142857142857
23,0.4250114311842707,0.3936899862825789,4374,Qwen-2.5-7B,base,Qwen-2.5-7B,ewok,28,0.8214285714285714
24,0.44215820759030633,0.40580704160951075,4374,Qwen-2.5-7B,base,Qwen-2.5-7B,ewok,28,0.8571428571428571
25,0.4492455418381344,0.40009144947416553,4374,Qwen-2.5-7B,base,Qwen-2.5-7B,ewok,28,0.8928571428571429
26,0.459304983996342,0.4099222679469593,4374,Qwen-2.5-7B,base,Qwen-2.5-7B,ewok,28,0.9285714285714286
27,0.47142203932327387,0.4144947416552355,4374,Qwen-2.5-7B,base,Qwen-2.5-7B,ewok,28,0.9642857142857143
28,0.5064014631915866,0.48239597622313674,4374,Qwen-2.5-7B,base,Qwen-2.5-7B,ewok,28,1.0
1,0.2618059701492537,0.23073134328358208,67000,Qwen-2.5-7B,it,Qwen-2.5-7B-it,blimp,28,0.03571428571428571
2,0.3210746268656717,0.2999850746268657,67000,Qwen-2.5-7B,it,Qwen-2.5-7B-it,blimp,28,0.07142857142857142
3,0.3371641791044776,0.32247761194029856,67000,Qwen-2.5-7B,it,Qwen-2.5-7B-it,blimp,28,0.10714285714285714
4,0.3571940298507463,0.3415074626865672,67000,Qwen-2.5-7B,it,Qwen-2.5-7B-it,blimp,28,0.14285714285714285
5,0.353955223880597,0.341044776119403,67000,Qwen-2.5-7B,it,Qwen-2.5-7B-it,blimp,28,0.17857142857142858
6,0.37156716417910446,0.36407462686567166,67000,Qwen-2.5-7B,it,Qwen-2.5-7B-it,blimp,28,0.21428571428571427
7,0.32832835820895523,0.31350746268656715,67000,Qwen-2.5-7B,it,Qwen-2.5-7B-it,blimp,28,0.25
8,0.3824626865671642,0.3696268656716418,67000,Qwen-2.5-7B,it,Qwen-2.5-7B-it,blimp,28,0.2857142857142857
9,0.38202985074626866,0.36983582089552236,67000,Qwen-2.5-7B,it,Qwen-2.5-7B-it,blimp,28,0.32142857142857145
10,0.3647462686567164,0.34808955223880594,67000,Qwen-2.5-7B,it,Qwen-2.5-7B-it,blimp,28,0.35714285714285715
11,0.3647462686567164,0.34720895522388057,67000,Qwen-2.5-7B,it,Qwen-2.5-7B-it,blimp,28,0.39285714285714285
12,0.3545671641791045,0.3302985074626866,67000,Qwen-2.5-7B,it,Qwen-2.5-7B-it,blimp,28,0.42857142857142855
13,0.3575223880597015,0.33407462686567163,67000,Qwen-2.5-7B,it,Qwen-2.5-7B-it,blimp,28,0.4642857142857143
14,0.35128358208955224,0.32211940298507463,67000,Qwen-2.5-7B,it,Qwen-2.5-7B-it,blimp,28,0.5
15,0.35394029850746267,0.3231044776119403,67000,Qwen-2.5-7B,it,Qwen-2.5-7B-it,blimp,28,0.5357142857142857
16,0.3425074626865672,0.3089253731343284,67000,Qwen-2.5-7B,it,Qwen-2.5-7B-it,blimp,28,0.5714285714285714
17,0.37697014925373135,0.3478208955223881,67000,Qwen-2.5-7B,it,Qwen-2.5-7B-it,blimp,28,0.6071428571428571
18,0.36238805970149257,0.33050746268656717,67000,Qwen-2.5-7B,it,Qwen-2.5-7B-it,blimp,28,0.6428571428571429
19,0.369955223880597,0.3412238805970149,67000,Qwen-2.5-7B,it,Qwen-2.5-7B-it,blimp,28,0.6785714285714286
20,0.3957910447761194,0.3715820895522388,67000,Qwen-2.5-7B,it,Qwen-2.5-7B-it,blimp,28,0.7142857142857143
21,0.4544179104477612,0.43817910447761194,67000,Qwen-2.5-7B,it,Qwen-2.5-7B-it,blimp,28,0.75
22,0.5171641791044775,0.5099850746268656,67000,Qwen-2.5-7B,it,Qwen-2.5-7B-it,blimp,28,0.7857142857142857
23,0.5151940298507462,0.5082388059701493,67000,Qwen-2.5-7B,it,Qwen-2.5-7B-it,blimp,28,0.8214285714285714
24,0.4909850746268657,0.4791343283582089,67000,Qwen-2.5-7B,it,Qwen-2.5-7B-it,blimp,28,0.8571428571428571
25,0.5041044776119403,0.48962686567164176,67000,Qwen-2.5-7B,it,Qwen-2.5-7B-it,blimp,28,0.8928571428571429
26,0.5197611940298508,0.5116417910447761,67000,Qwen-2.5-7B,it,Qwen-2.5-7B-it,blimp,28,0.9285714285714286
27,0.5348955223880597,0.5226716417910447,67000,Qwen-2.5-7B,it,Qwen-2.5-7B-it,blimp,28,0.9642857142857143
28,0.6574029850746269,0.6419402985074627,67000,Qwen-2.5-7B,it,Qwen-2.5-7B-it,blimp,28,1.0
1,0.33356195701874713,0.2553726566072245,4374,Qwen-2.5-7B,it,Qwen-2.5-7B-it,ewok,28,0.03571428571428571
2,0.36579789666209417,0.3040695016003658,4374,Qwen-2.5-7B,it,Qwen-2.5-7B-it,ewok,28,0.07142857142857142
3,0.3973479652491998,0.3488797439414723,4374,Qwen-2.5-7B,it,Qwen-2.5-7B-it,ewok,28,0.10714285714285714
4,0.41380887059899407,0.36488340192043894,4374,Qwen-2.5-7B,it,Qwen-2.5-7B-it,ewok,28,0.14285714285714285
5,0.4250114311842707,0.3786008230452675,4374,Qwen-2.5-7B,it,Qwen-2.5-7B-it,ewok,28,0.17857142857142858
6,0.4302697759487883,0.39620484682213075,4374,Qwen-2.5-7B,it,Qwen-2.5-7B-it,ewok,28,0.21428571428571427
7,0.438957475994513,0.3943758573388203,4374,Qwen-2.5-7B,it,Qwen-2.5-7B-it,ewok,28,0.25
8,0.46684956561499774,0.43392775491540925,4374,Qwen-2.5-7B,it,Qwen-2.5-7B-it,ewok,28,0.2857142857142857
9,0.48399634202103337,0.44010059442158206,4374,Qwen-2.5-7B,it,Qwen-2.5-7B-it,ewok,28,0.32142857142857145
10,0.46502057613168724,0.42066758116140834,4374,Qwen-2.5-7B,it,Qwen-2.5-7B-it,ewok,28,0.35714285714285715
11,0.4577046181984454,0.38477366255144035,4374,Qwen-2.5-7B,it,Qwen-2.5-7B-it,ewok,28,0.39285714285714285
12,0.45016003657978965,0.36259716506630085,4374,Qwen-2.5-7B,it,Qwen-2.5-7B-it,ewok,28,0.42857142857142855
13,0.4794238683127572,0.3843164151806127,4374,Qwen-2.5-7B,it,Qwen-2.5-7B-it,ewok,28,0.4642857142857143
14,0.4922267946959305,0.38477366255144035,4374,Qwen-2.5-7B,it,Qwen-2.5-7B-it,ewok,28,0.5
15,0.48079561042524005,0.3731138545953361,4374,Qwen-2.5-7B,it,Qwen-2.5-7B-it,ewok,28,0.5357142857142857
16,0.48308184727937814,0.395976223136717,4374,Qwen-2.5-7B,it,Qwen-2.5-7B-it,ewok,28,0.5714285714285714
17,0.4666209419295839,0.3770004572473708,4374,Qwen-2.5-7B,it,Qwen-2.5-7B-it,ewok,28,0.6071428571428571
18,0.4826245999085505,0.4051211705532693,4374,Qwen-2.5-7B,it,Qwen-2.5-7B-it,ewok,28,0.6428571428571429
19,0.48376771833561955,0.40809327846364885,4374,Qwen-2.5-7B,it,Qwen-2.5-7B-it,ewok,28,0.6785714285714286
20,0.4794238683127572,0.4094650205761317,4374,Qwen-2.5-7B,it,Qwen-2.5-7B-it,ewok,28,0.7142857142857143
21,0.48079561042524005,0.4398719707361683,4374,Qwen-2.5-7B,it,Qwen-2.5-7B-it,ewok,28,0.75
22,0.48856881572930955,0.4396433470507545,4374,Qwen-2.5-7B,it,Qwen-2.5-7B-it,ewok,28,0.7857142857142857
23,0.48079561042524005,0.4403292181069959,4374,Qwen-2.5-7B,it,Qwen-2.5-7B-it,ewok,28,0.8214285714285714
24,0.4732510288065844,0.43621399176954734,4374,Qwen-2.5-7B,it,Qwen-2.5-7B-it,ewok,28,0.8571428571428571
25,0.4691358024691358,0.42363968907178784,4374,Qwen-2.5-7B,it,Qwen-2.5-7B-it,ewok,28,0.8928571428571429
26,0.46776406035665297,0.41883859167809784,4374,Qwen-2.5-7B,it,Qwen-2.5-7B-it,ewok,28,0.9285714285714286
27,0.48102423411065387,0.418609967992684,4374,Qwen-2.5-7B,it,Qwen-2.5-7B-it,ewok,28,0.9642857142857143
28,0.4865112025605853,0.4693644261545496,4374,Qwen-2.5-7B,it,Qwen-2.5-7B-it,ewok,28,1.0
1,0.34705970149253734,0.3237313432835821,67000,Qwen-3-4B,base,Qwen-3-4B,blimp,36,0.027777777777777776
2,0.3960149253731344,0.3822835820895522,67000,Qwen-3-4B,base,Qwen-3-4B,blimp,36,0.05555555555555555
3,0.4083432835820896,0.39705970149253733,67000,Qwen-3-4B,base,Qwen-3-4B,blimp,36,0.08333333333333333
4,0.4263134328358209,0.418044776119403,67000,Qwen-3-4B,base,Qwen-3-4B,blimp,36,0.1111111111111111
5,0.4497462686567164,0.4399402985074627,67000,Qwen-3-4B,base,Qwen-3-4B,blimp,36,0.1388888888888889
6,0.4767910447761194,0.4681044776119403,67000,Qwen-3-4B,base,Qwen-3-4B,blimp,36,0.16666666666666666
7,0.2418507462686567,0.22574626865671643,67000,Qwen-3-4B,base,Qwen-3-4B,blimp,36,0.19444444444444445
8,0.25722388059701495,0.24208955223880596,67000,Qwen-3-4B,base,Qwen-3-4B,blimp,36,0.2222222222222222
9,0.2698358208955224,0.2560746268656716,67000,Qwen-3-4B,base,Qwen-3-4B,blimp,36,0.25
10,0.2791641791044776,0.26156716417910447,67000,Qwen-3-4B,base,Qwen-3-4B,blimp,36,0.2777777777777778
11,0.27265671641791045,0.2566716417910448,67000,Qwen-3-4B,base,Qwen-3-4B,blimp,36,0.3055555555555556
12,0.26807462686567163,0.2512686567164179,67000,Qwen-3-4B,base,Qwen-3-4B,blimp,36,0.3333333333333333
13,0.2819402985074627,0.26449253731343286,67000,Qwen-3-4B,base,Qwen-3-4B,blimp,36,0.3611111111111111
14,0.28440298507462686,0.2670746268656716,67000,Qwen-3-4B,base,Qwen-3-4B,blimp,36,0.3888888888888889
15,0.28808955223880595,0.27410447761194034,67000,Qwen-3-4B,base,Qwen-3-4B,blimp,36,0.4166666666666667
16,0.2896716417910448,0.2742388059701492,67000,Qwen-3-4B,base,Qwen-3-4B,blimp,36,0.4444444444444444
17,0.29028358208955224,0.27091044776119405,67000,Qwen-3-4B,base,Qwen-3-4B,blimp,36,0.4722222222222222
18,0.2951940298507463,0.27607462686567164,67000,Qwen-3-4B,base,Qwen-3-4B,blimp,36,0.5
19,0.30083582089552235,0.2827910447761194,67000,Qwen-3-4B,base,Qwen-3-4B,blimp,36,0.5277777777777778
20,0.31277611940298505,0.29465671641791047,67000,Qwen-3-4B,base,Qwen-3-4B,blimp,36,0.5555555555555556
21,0.3235671641791045,0.30697014925373134,67000,Qwen-3-4B,base,Qwen-3-4B,blimp,36,0.5833333333333334
22,0.32155223880597017,0.30549253731343284,67000,Qwen-3-4B,base,Qwen-3-4B,blimp,36,0.6111111111111112
23,0.35092537313432837,0.3340597014925373,67000,Qwen-3-4B,base,Qwen-3-4B,blimp,36,0.6388888888888888
24,0.4027761194029851,0.3852089552238806,67000,Qwen-3-4B,base,Qwen-3-4B,blimp,36,0.6666666666666666
25,0.4369402985074627,0.41834328358208955,67000,Qwen-3-4B,base,Qwen-3-4B,blimp,36,0.6944444444444444
26,0.4657462686567164,0.44737313432835824,67000,Qwen-3-4B,base,Qwen-3-4B,blimp,36,0.7222222222222222
27,0.49679104477611935,0.4781791044776119,67000,Qwen-3-4B,base,Qwen-3-4B,blimp,36,0.75
28,0.5237462686567165,0.5022537313432837,67000,Qwen-3-4B,base,Qwen-3-4B,blimp,36,0.7777777777777778
29,0.5524179104477612,0.5307014925373135,67000,Qwen-3-4B,base,Qwen-3-4B,blimp,36,0.8055555555555556
30,0.5628059701492537,0.541865671641791,67000,Qwen-3-4B,base,Qwen-3-4B,blimp,36,0.8333333333333334
31,0.5719253731343285,0.5505373134328359,67000,Qwen-3-4B,base,Qwen-3-4B,blimp,36,0.8611111111111112
32,0.5969253731343284,0.5740149253731344,67000,Qwen-3-4B,base,Qwen-3-4B,blimp,36,0.8888888888888888
33,0.6131940298507463,0.59,67000,Qwen-3-4B,base,Qwen-3-4B,blimp,36,0.9166666666666666
34,0.6282835820895523,0.6044626865671642,67000,Qwen-3-4B,base,Qwen-3-4B,blimp,36,0.9444444444444444
35,0.6379402985074627,0.6158059701492538,67000,Qwen-3-4B,base,Qwen-3-4B,blimp,36,0.9722222222222222
36,0.7655820895522387,0.7454029850746269,67000,Qwen-3-4B,base,Qwen-3-4B,blimp,36,1.0
1,0.3632830361225423,0.24508459076360312,4374,Qwen-3-4B,base,Qwen-3-4B,ewok,36,0.027777777777777776
2,0.42203932327389115,0.350480109739369,4374,Qwen-3-4B,base,Qwen-3-4B,ewok,36,0.05555555555555555
3,0.4275262917238226,0.3724279835390947,4374,Qwen-3-4B,base,Qwen-3-4B,ewok,36,0.08333333333333333
4,0.4375857338820302,0.3904892546867855,4374,Qwen-3-4B,base,Qwen-3-4B,ewok,36,0.1111111111111111
5,0.44215820759030633,0.386374028349337,4374,Qwen-3-4B,base,Qwen-3-4B,ewok,36,0.1388888888888889
6,0.4510745313214449,0.4028349336991312,4374,Qwen-3-4B,base,Qwen-3-4B,ewok,36,0.16666666666666666
7,0.3609967992684042,0.3090992226794696,4374,Qwen-3-4B,base,Qwen-3-4B,ewok,36,0.19444444444444445
8,0.37128486511202563,0.32121627800640146,4374,Qwen-3-4B,base,Qwen-3-4B,ewok,36,0.2222222222222222
9,0.38797439414723367,0.3299039780521262,4374,Qwen-3-4B,base,Qwen-3-4B,ewok,36,0.25
10,0.38225880201188844,0.3200731595793324,4374,Qwen-3-4B,base,Qwen-3-4B,ewok,36,0.2777777777777778
11,0.3868312757201646,0.3374485596707819,4374,Qwen-3-4B,base,Qwen-3-4B,ewok,36,0.3055555555555556
12,0.39094650205761317,0.3429355281207133,4374,Qwen-3-4B,base,Qwen-3-4B,ewok,36,0.3333333333333333
13,0.37745770461819844,0.3347050754458162,4374,Qwen-3-4B,base,Qwen-3-4B,ewok,36,0.3611111111111111
14,0.3941472336534065,0.33996342021033377,4374,Qwen-3-4B,base,Qwen-3-4B,ewok,36,0.3888888888888889
15,0.40169181527206216,0.35002286236854135,4374,Qwen-3-4B,base,Qwen-3-4B,ewok,36,0.4166666666666667
16,0.4151806127114769,0.35390946502057613,4374,Qwen-3-4B,base,Qwen-3-4B,ewok,36,0.4444444444444444
17,0.4023776863283036,0.3488797439414723,4374,Qwen-3-4B,base,Qwen-3-4B,ewok,36,0.4722222222222222
18,0.39849108367626884,0.3559670781893004,4374,Qwen-3-4B,base,Qwen-3-4B,ewok,36,0.5
19,0.4101508916323731,0.35436671239140377,4374,Qwen-3-4B,base,Qwen-3-4B,ewok,36,0.5277777777777778
20,0.4101508916323731,0.3676268861454047,4374,Qwen-3-4B,base,Qwen-3-4B,ewok,36,0.5555555555555556
21,0.4060356652949246,0.36488340192043894,4374,Qwen-3-4B,base,Qwen-3-4B,ewok,36,0.5833333333333334
22,0.42363968907178784,0.3760859625057156,4374,Qwen-3-4B,base,Qwen-3-4B,ewok,36,0.6111111111111112
23,0.4309556470050297,0.38065843621399176,4374,Qwen-3-4B,base,Qwen-3-4B,ewok,36,0.6388888888888888
24,0.43712848651120256,0.4051211705532693,4374,Qwen-3-4B,base,Qwen-3-4B,ewok,36,0.6666666666666666
25,0.46844993141289437,0.42112482853223593,4374,Qwen-3-4B,base,Qwen-3-4B,ewok,36,0.6944444444444444
26,0.4766803840877915,0.42912665752171925,4374,Qwen-3-4B,base,Qwen-3-4B,ewok,36,0.7222222222222222
27,0.4803383630544124,0.4309556470050297,4374,Qwen-3-4B,base,Qwen-3-4B,ewok,36,0.75
28,0.5020576131687243,0.4508459076360311,4374,Qwen-3-4B,base,Qwen-3-4B,ewok,36,0.7777777777777778
29,0.5153177869227252,0.4492455418381344,4374,Qwen-3-4B,base,Qwen-3-4B,ewok,36,0.8055555555555556
30,0.5230909922267947,0.46502057613168724,4374,Qwen-3-4B,base,Qwen-3-4B,ewok,36,0.8333333333333334
31,0.53360768175583,0.4773662551440329,4374,Qwen-3-4B,base,Qwen-3-4B,ewok,36,0.8611111111111112
32,0.5258344764517604,0.46296296296296297,4374,Qwen-3-4B,base,Qwen-3-4B,ewok,36,0.8888888888888888
33,0.5372656607224509,0.4718792866941015,4374,Qwen-3-4B,base,Qwen-3-4B,ewok,36,0.9166666666666666
34,0.5326931870141747,0.4734796524919982,4374,Qwen-3-4B,base,Qwen-3-4B,ewok,36,0.9444444444444444
35,0.5372656607224509,0.48399634202103337,4374,Qwen-3-4B,base,Qwen-3-4B,ewok,36,0.9722222222222222
36,0.5272062185642432,0.49268404206675814,4374,Qwen-3-4B,base,Qwen-3-4B,ewok,36,1.0
1,0.2941194029850746,0.2640149253731343,67000,Qwen-3-4B,it,Qwen-3-4B-it,blimp,36,0.027777777777777776
2,0.31817910447761194,0.2943582089552239,67000,Qwen-3-4B,it,Qwen-3-4B-it,blimp,36,0.05555555555555555
3,0.3465522388059702,0.32759701492537313,67000,Qwen-3-4B,it,Qwen-3-4B-it,blimp,36,0.08333333333333333
4,0.37795522388059705,0.36270149253731343,67000,Qwen-3-4B,it,Qwen-3-4B-it,blimp,36,0.1111111111111111
5,0.40973134328358213,0.3962686567164179,67000,Qwen-3-4B,it,Qwen-3-4B-it,blimp,36,0.1388888888888889
6,0.4444925373134328,0.43276119402985075,67000,Qwen-3-4B,it,Qwen-3-4B-it,blimp,36,0.16666666666666666
7,0.44911940298507463,0.4393134328358209,67000,Qwen-3-4B,it,Qwen-3-4B-it,blimp,36,0.19444444444444445
8,0.48091044776119407,0.47340298507462686,67000,Qwen-3-4B,it,Qwen-3-4B-it,blimp,36,0.2222222222222222
9,0.49989552238805973,0.4958507462686567,67000,Qwen-3-4B,it,Qwen-3-4B-it,blimp,36,0.25
10,0.4922537313432836,0.4871343283582089,67000,Qwen-3-4B,it,Qwen-3-4B-it,blimp,36,0.2777777777777778
11,0.49277611940298505,0.48773134328358203,67000,Qwen-3-4B,it,Qwen-3-4B-it,blimp,36,0.3055555555555556
12,0.4885671641791045,0.4842537313432836,67000,Qwen-3-4B,it,Qwen-3-4B-it,blimp,36,0.3333333333333333
13,0.506089552238806,0.5051940298507462,67000,Qwen-3-4B,it,Qwen-3-4B-it,blimp,36,0.3611111111111111
14,0.49905970149253726,0.49864179104477613,67000,Qwen-3-4B,it,Qwen-3-4B-it,blimp,36,0.3888888888888889
15,0.489865671641791,0.488820895522388,67000,Qwen-3-4B,it,Qwen-3-4B-it,blimp,36,0.4166666666666667
16,0.48874626865671644,0.48464179104477617,67000,Qwen-3-4B,it,Qwen-3-4B-it,blimp,36,0.4444444444444444
17,0.49132835820895515,0.48947761194029854,67000,Qwen-3-4B,it,Qwen-3-4B-it,blimp,36,0.4722222222222222
18,0.49679104477611935,0.49805970149253725,67000,Qwen-3-4B,it,Qwen-3-4B-it,blimp,36,0.5
19,0.512089552238806,0.5136417910447761,67000,Qwen-3-4B,it,Qwen-3-4B-it,blimp,36,0.5277777777777778
20,0.5101044776119403,0.5098805970149254,67000,Qwen-3-4B,it,Qwen-3-4B-it,blimp,36,0.5555555555555556
21,0.5287014925373135,0.5297761194029851,67000,Qwen-3-4B,it,Qwen-3-4B-it,blimp,36,0.5833333333333334
22,0.527179104477612,0.5287611940298508,67000,Qwen-3-4B,it,Qwen-3-4B-it,blimp,36,0.6111111111111112
23,0.5407014925373134,0.5412835820895522,67000,Qwen-3-4B,it,Qwen-3-4B-it,blimp,36,0.6388888888888888
24,0.5932537313432835,0.5917462686567164,67000,Qwen-3-4B,it,Qwen-3-4B-it,blimp,36,0.6666666666666666
25,0.582134328358209,0.5767014925373135,67000,Qwen-3-4B,it,Qwen-3-4B-it,blimp,36,0.6944444444444444
26,0.5985970149253732,0.5904328358208955,67000,Qwen-3-4B,it,Qwen-3-4B-it,blimp,36,0.7222222222222222
27,0.6222537313432837,0.6131641791044776,67000,Qwen-3-4B,it,Qwen-3-4B-it,blimp,36,0.75
28,0.6321492537313432,0.6245373134328358,67000,Qwen-3-4B,it,Qwen-3-4B-it,blimp,36,0.7777777777777778
29,0.6426268656716417,0.6374328358208955,67000,Qwen-3-4B,it,Qwen-3-4B-it,blimp,36,0.8055555555555556
30,0.6226865671641791,0.6175223880597015,67000,Qwen-3-4B,it,Qwen-3-4B-it,blimp,36,0.8333333333333334
31,0.6208507462686568,0.6118507462686568,67000,Qwen-3-4B,it,Qwen-3-4B-it,blimp,36,0.8611111111111112
32,0.6350298507462686,0.6292537313432836,67000,Qwen-3-4B,it,Qwen-3-4B-it,blimp,36,0.8888888888888888
33,0.6527313432835821,0.647910447761194,67000,Qwen-3-4B,it,Qwen-3-4B-it,blimp,36,0.9166666666666666
34,0.6604328358208955,0.6565223880597015,67000,Qwen-3-4B,it,Qwen-3-4B-it,blimp,36,0.9444444444444444
35,0.6546268656716417,0.6476716417910447,67000,Qwen-3-4B,it,Qwen-3-4B-it,blimp,36,0.9722222222222222
36,0.7187910447761194,0.6955373134328358,67000,Qwen-3-4B,it,Qwen-3-4B-it,blimp,36,1.0
1,0.3420210333790581,0.20530406950160038,4374,Qwen-3-4B,it,Qwen-3-4B-it,ewok,36,0.027777777777777776
2,0.37059899405578417,0.29309556470050296,4374,Qwen-3-4B,it,Qwen-3-4B-it,ewok,36,0.05555555555555555
3,0.39254686785550985,0.31412894375857336,4374,Qwen-3-4B,it,Qwen-3-4B-it,ewok,36,0.08333333333333333
4,0.4147233653406493,0.35642432556012804,4374,Qwen-3-4B,it,Qwen-3-4B-it,ewok,36,0.1111111111111111
5,0.4250114311842707,0.37219935985368086,4374,Qwen-3-4B,it,Qwen-3-4B-it,ewok,36,0.1388888888888889
6,0.4332418838591678,0.3836305441243713,4374,Qwen-3-4B,it,Qwen-3-4B-it,ewok,36,0.16666666666666666
7,0.4481024234110654,0.4192958390489255,4374,Qwen-3-4B,it,Qwen-3-4B-it,ewok,36,0.19444444444444445
8,0.45244627343392774,0.4309556470050297,4374,Qwen-3-4B,it,Qwen-3-4B-it,ewok,36,0.2222222222222222
9,0.47370827617741196,0.46364883401920437,4374,Qwen-3-4B,it,Qwen-3-4B-it,ewok,36,0.25
10,0.4590763603109282,0.44261545496113397,4374,Qwen-3-4B,it,Qwen-3-4B-it,ewok,36,0.2777777777777778
11,0.47050754458161864,0.44490169181527206,4374,Qwen-3-4B,it,Qwen-3-4B-it,ewok,36,0.3055555555555556
12,0.46524919981710106,0.4332418838591678,4374,Qwen-3-4B,it,Qwen-3-4B-it,ewok,36,0.3333333333333333
13,0.4691358024691358,0.4348422496570645,4374,Qwen-3-4B,it,Qwen-3-4B-it,ewok,36,0.3611111111111111
14,0.468907178783722,0.44215820759030633,4374,Qwen-3-4B,it,Qwen-3-4B-it,ewok,36,0.3888888888888889
15,0.47462277091906724,0.4515317786922725,4374,Qwen-3-4B,it,Qwen-3-4B-it,ewok,36,0.4166666666666667
16,0.4871970736168267,0.464106081390032,4374,Qwen-3-4B,it,Qwen-3-4B-it,ewok,36,0.4444444444444444
17,0.4771376314586191,0.45427526291723824,4374,Qwen-3-4B,it,Qwen-3-4B-it,ewok,36,0.4722222222222222
18,0.4897119341563786,0.46524919981710106,4374,Qwen-3-4B,it,Qwen-3-4B-it,ewok,36,0.5
19,0.4849108367626886,0.4558756287151349,4374,Qwen-3-4B,it,Qwen-3-4B-it,ewok,36,0.5277777777777778
20,0.4826245999085505,0.4540466392318244,4374,Qwen-3-4B,it,Qwen-3-4B-it,ewok,36,0.5555555555555556
21,0.49016918152720623,0.47005029721079106,4374,Qwen-3-4B,it,Qwen-3-4B-it,ewok,36,0.5833333333333334
22,0.5025148605395519,0.4817101051668953,4374,Qwen-3-4B,it,Qwen-3-4B-it,ewok,36,0.6111111111111112
23,0.5128029263831733,0.4983996342021033,4374,Qwen-3-4B,it,Qwen-3-4B-it,ewok,36,0.6388888888888888
24,0.5345221764974851,0.5185185185185185,4374,Qwen-3-4B,it,Qwen-3-4B-it,ewok,36,0.6666666666666666
25,0.5393232738911752,0.5187471422039324,4374,Qwen-3-4B,it,Qwen-3-4B-it,ewok,36,0.6944444444444444
26,0.5409236396890718,0.5288065843621399,4374,Qwen-3-4B,it,Qwen-3-4B-it,ewok,36,0.7222222222222222
27,0.5384087791495199,0.5141746684956562,4374,Qwen-3-4B,it,Qwen-3-4B-it,ewok,36,0.75
28,0.5420667581161408,0.5283493369913123,4374,Qwen-3-4B,it,Qwen-3-4B-it,ewok,36,0.7777777777777778
29,0.5500685871056241,0.5404663923182441,4374,Qwen-3-4B,it,Qwen-3-4B-it,ewok,36,0.8055555555555556
30,0.539551897576589,0.5274348422496571,4374,Qwen-3-4B,it,Qwen-3-4B-it,ewok,36,0.8333333333333334
31,0.5679012345679012,0.5585276634659351,4374,Qwen-3-4B,it,Qwen-3-4B-it,ewok,36,0.8611111111111112
32,0.5635573845450389,0.5454961133973479,4374,Qwen-3-4B,it,Qwen-3-4B-it,ewok,36,0.8888888888888888
33,0.5676726108824874,0.5505258344764518,4374,Qwen-3-4B,it,Qwen-3-4B-it,ewok,36,0.9166666666666666
34,0.5230909922267947,0.5041152263374485,4374,Qwen-3-4B,it,Qwen-3-4B-it,ewok,36,0.9444444444444444
35,0.5185185185185185,0.5064014631915866,4374,Qwen-3-4B,it,Qwen-3-4B-it,ewok,36,0.9722222222222222
36,0.5002286236854138,0.44170096021947874,4374,Qwen-3-4B,it,Qwen-3-4B-it,ewok,36,1.0
1,0.5356716417910448,0.5288805970149254,67000,Falcon-3-1B,base,Falcon-3-1B,blimp,18,0.05555555555555555
2,0.4692388059701493,0.4627462686567164,67000,Falcon-3-1B,base,Falcon-3-1B,blimp,18,0.1111111111111111
3,0.4802835820895523,0.47028358208955223,67000,Falcon-3-1B,base,Falcon-3-1B,blimp,18,0.16666666666666666
4,0.4771492537313433,0.4655820895522388,67000,Falcon-3-1B,base,Falcon-3-1B,blimp,18,0.2222222222222222
5,0.4757910447761194,0.467044776119403,67000,Falcon-3-1B,base,Falcon-3-1B,blimp,18,0.2777777777777778
6,0.49410447761194026,0.48562686567164176,67000,Falcon-3-1B,base,Falcon-3-1B,blimp,18,0.3333333333333333
7,0.5002537313432837,0.49243283582089553,67000,Falcon-3-1B,base,Falcon-3-1B,blimp,18,0.3888888888888889
8,0.5181940298507463,0.5096567164179104,67000,Falcon-3-1B,base,Falcon-3-1B,blimp,18,0.4444444444444444
9,0.5339253731343284,0.5257611940298508,67000,Falcon-3-1B,base,Falcon-3-1B,blimp,18,0.5
10,0.5397761194029851,0.5320447761194029,67000,Falcon-3-1B,base,Falcon-3-1B,blimp,18,0.5555555555555556
11,0.5409402985074627,0.5334029850746269,67000,Falcon-3-1B,base,Falcon-3-1B,blimp,18,0.6111111111111112
12,0.5572985074626865,0.5494776119402984,67000,Falcon-3-1B,base,Falcon-3-1B,blimp,18,0.6666666666666666
13,0.5799552238805971,0.5731492537313433,67000,Falcon-3-1B,base,Falcon-3-1B,blimp,18,0.7222222222222222
14,0.616910447761194,0.6084626865671642,67000,Falcon-3-1B,base,Falcon-3-1B,blimp,18,0.7777777777777778
15,0.6296567164179104,0.6166417910447761,67000,Falcon-3-1B,base,Falcon-3-1B,blimp,18,0.8333333333333334
16,0.6736865671641791,0.6595223880597015,67000,Falcon-3-1B,base,Falcon-3-1B,blimp,18,0.8888888888888888
17,0.7456865671641791,0.734,67000,Falcon-3-1B,base,Falcon-3-1B,blimp,18,0.9444444444444444
18,0.809910447761194,0.7987164179104478,67000,Falcon-3-1B,base,Falcon-3-1B,blimp,18,1.0
1,0.47142203932327387,0.4405578417924097,4374,Falcon-3-1B,base,Falcon-3-1B,ewok,18,0.05555555555555555
2,0.46456332876085965,0.4444444444444444,4374,Falcon-3-1B,base,Falcon-3-1B,ewok,18,0.1111111111111111
3,0.4567901234567901,0.4366712391403749,4374,Falcon-3-1B,base,Falcon-3-1B,ewok,18,0.16666666666666666
4,0.46044810242341105,0.43141289437585734,4374,Falcon-3-1B,base,Falcon-3-1B,ewok,18,0.2222222222222222
5,0.48582533150434387,0.46021947873799723,4374,Falcon-3-1B,base,Falcon-3-1B,ewok,18,0.2777777777777778
6,0.46776406035665297,0.44467306812985824,4374,Falcon-3-1B,base,Falcon-3-1B,ewok,18,0.3333333333333333
7,0.4791952446273434,0.453360768175583,4374,Falcon-3-1B,base,Falcon-3-1B,ewok,18,0.3888888888888889
8,0.47850937357110196,0.45747599451303156,4374,Falcon-3-1B,base,Falcon-3-1B,ewok,18,0.4444444444444444
9,0.4750800182898948,0.4567901234567901,4374,Falcon-3-1B,base,Falcon-3-1B,ewok,18,0.5
10,0.5002286236854138,0.47530864197530864,4374,Falcon-3-1B,base,Falcon-3-1B,ewok,18,0.5555555555555556
11,0.489254686785551,0.4657064471879287,4374,Falcon-3-1B,base,Falcon-3-1B,ewok,18,0.6111111111111112
12,0.49268404206675814,0.4686785550983082,4374,Falcon-3-1B,base,Falcon-3-1B,ewok,18,0.6666666666666666
13,0.48399634202103337,0.4634202103337906,4374,Falcon-3-1B,base,Falcon-3-1B,ewok,18,0.7222222222222222
14,0.532235939643347,0.48948331047096477,4374,Falcon-3-1B,base,Falcon-3-1B,ewok,18,0.7777777777777778
15,0.5176040237768633,0.4945130315500686,4374,Falcon-3-1B,base,Falcon-3-1B,ewok,18,0.8333333333333334
16,0.5148605395518976,0.5009144947416553,4374,Falcon-3-1B,base,Falcon-3-1B,ewok,18,0.8888888888888888
17,0.5308641975308642,0.5267489711934157,4374,Falcon-3-1B,base,Falcon-3-1B,ewok,18,0.9444444444444444
18,0.5237768632830361,0.5032007315957934,4374,Falcon-3-1B,base,Falcon-3-1B,ewok,18,1.0
1,0.5315522388059701,0.524955223880597,67000,Falcon-3-1B,it,Falcon-3-1B-it,blimp,18,0.05555555555555555
2,0.5362835820895522,0.5218208955223881,67000,Falcon-3-1B,it,Falcon-3-1B-it,blimp,18,0.1111111111111111
3,0.5422089552238807,0.5290597014925373,67000,Falcon-3-1B,it,Falcon-3-1B-it,blimp,18,0.16666666666666666
4,0.5381492537313433,0.5299701492537314,67000,Falcon-3-1B,it,Falcon-3-1B-it,blimp,18,0.2222222222222222
5,0.533910447761194,0.5242089552238806,67000,Falcon-3-1B,it,Falcon-3-1B-it,blimp,18,0.2777777777777778
6,0.5655820895522388,0.5552388059701493,67000,Falcon-3-1B,it,Falcon-3-1B-it,blimp,18,0.3333333333333333
7,0.5566268656716418,0.5433432835820895,67000,Falcon-3-1B,it,Falcon-3-1B-it,blimp,18,0.3888888888888889
8,0.5718358208955224,0.5569701492537313,67000,Falcon-3-1B,it,Falcon-3-1B-it,blimp,18,0.4444444444444444
9,0.5884179104477611,0.574910447761194,67000,Falcon-3-1B,it,Falcon-3-1B-it,blimp,18,0.5
10,0.5925074626865672,0.5789701492537312,67000,Falcon-3-1B,it,Falcon-3-1B-it,blimp,18,0.5555555555555556
11,0.5785373134328359,0.5649850746268656,67000,Falcon-3-1B,it,Falcon-3-1B-it,blimp,18,0.6111111111111112
12,0.6090895522388059,0.5984776119402985,67000,Falcon-3-1B,it,Falcon-3-1B-it,blimp,18,0.6666666666666666
13,0.6159850746268657,0.6061194029850746,67000,Falcon-3-1B,it,Falcon-3-1B-it,blimp,18,0.7222222222222222
14,0.6328358208955224,0.625955223880597,67000,Falcon-3-1B,it,Falcon-3-1B-it,blimp,18,0.7777777777777778
15,0.6193283582089552,0.6089402985074627,67000,Falcon-3-1B,it,Falcon-3-1B-it,blimp,18,0.8333333333333334
16,0.660179104477612,0.6509701492537314,67000,Falcon-3-1B,it,Falcon-3-1B-it,blimp,18,0.8888888888888888
17,0.6847761194029851,0.6747462686567164,67000,Falcon-3-1B,it,Falcon-3-1B-it,blimp,18,0.9444444444444444
18,0.7601791044776119,0.7447462686567163,67000,Falcon-3-1B,it,Falcon-3-1B-it,blimp,18,1.0
1,0.4567901234567901,0.41129401005944216,4374,Falcon-3-1B,it,Falcon-3-1B-it,ewok,18,0.05555555555555555
2,0.5041152263374485,0.4693644261545496,4374,Falcon-3-1B,it,Falcon-3-1B-it,ewok,18,0.1111111111111111
3,0.5004572473708276,0.44947416552354824,4374,Falcon-3-1B,it,Falcon-3-1B-it,ewok,18,0.16666666666666666
4,0.5102880658436214,0.4563328760859625,4374,Falcon-3-1B,it,Falcon-3-1B-it,ewok,18,0.2222222222222222
5,0.5018289894833105,0.46982167352537724,4374,Falcon-3-1B,it,Falcon-3-1B-it,ewok,18,0.2777777777777778
6,0.49817101051668955,0.46296296296296297,4374,Falcon-3-1B,it,Falcon-3-1B-it,ewok,18,0.3333333333333333
7,0.5178326474622771,0.49382716049382713,4374,Falcon-3-1B,it,Falcon-3-1B-it,ewok,18,0.3888888888888889
8,0.5132601737540009,0.5,4374,Falcon-3-1B,it,Falcon-3-1B-it,ewok,18,0.4444444444444444
9,0.5121170553269319,0.4821673525377229,4374,Falcon-3-1B,it,Falcon-3-1B-it,ewok,18,0.5
10,0.5244627343392776,0.49176954732510286,4374,Falcon-3-1B,it,Falcon-3-1B-it,ewok,18,0.5555555555555556
11,0.5002286236854138,0.4638774577046182,4374,Falcon-3-1B,it,Falcon-3-1B-it,ewok,18,0.6111111111111112
12,0.5116598079561042,0.49405578417924095,4374,Falcon-3-1B,it,Falcon-3-1B-it,ewok,18,0.6666666666666666
13,0.5283493369913123,0.5004572473708276,4374,Falcon-3-1B,it,Falcon-3-1B-it,ewok,18,0.7222222222222222
14,0.5532693187014175,0.5114311842706905,4374,Falcon-3-1B,it,Falcon-3-1B-it,ewok,18,0.7777777777777778
15,0.5457247370827618,0.5345221764974851,4374,Falcon-3-1B,it,Falcon-3-1B-it,ewok,18,0.8333333333333334
16,0.5500685871056241,0.5290352080475538,4374,Falcon-3-1B,it,Falcon-3-1B-it,ewok,18,0.8888888888888888
17,0.5393232738911752,0.53360768175583,4374,Falcon-3-1B,it,Falcon-3-1B-it,ewok,18,0.9444444444444444
18,0.5164609053497943,0.5041152263374485,4374,Falcon-3-1B,it,Falcon-3-1B-it,ewok,18,1.0
1,0.49717910447761193,0.4886567164179105,67000,Falcon-3-7B,base,Falcon-3-7B,blimp,28,0.03571428571428571
2,0.42028358208955224,0.41386567164179106,67000,Falcon-3-7B,base,Falcon-3-7B,blimp,28,0.07142857142857142
3,0.460044776119403,0.45385074626865674,67000,Falcon-3-7B,base,Falcon-3-7B,blimp,28,0.10714285714285714
4,0.4702089552238806,0.4622835820895522,67000,Falcon-3-7B,base,Falcon-3-7B,blimp,28,0.14285714285714285
5,0.469955223880597,0.46070149253731346,67000,Falcon-3-7B,base,Falcon-3-7B,blimp,28,0.17857142857142858
6,0.48571641791044773,0.4755970149253731,67000,Falcon-3-7B,base,Falcon-3-7B,blimp,28,0.21428571428571427
7,0.48368656716417907,0.47234328358208955,67000,Falcon-3-7B,base,Falcon-3-7B,blimp,28,0.25
8,0.4934029850746269,0.4832686567164179,67000,Falcon-3-7B,base,Falcon-3-7B,blimp,28,0.2857142857142857
9,0.5146865671641792,0.5034179104477612,67000,Falcon-3-7B,base,Falcon-3-7B,blimp,28,0.32142857142857145
10,0.5085373134328358,0.4976417910447761,67000,Falcon-3-7B,base,Falcon-3-7B,blimp,28,0.35714285714285715
11,0.5051044776119403,0.49434328358208957,67000,Falcon-3-7B,base,Falcon-3-7B,blimp,28,0.39285714285714285
12,0.5027910447761194,0.49105970149253736,67000,Falcon-3-7B,base,Falcon-3-7B,blimp,28,0.42857142857142855
13,0.5066417910447761,0.49444776119402983,67000,Falcon-3-7B,base,Falcon-3-7B,blimp,28,0.4642857142857143
14,0.5018955223880598,0.49132835820895515,67000,Falcon-3-7B,base,Falcon-3-7B,blimp,28,0.5
15,0.4972686567164179,0.4862537313432836,67000,Falcon-3-7B,base,Falcon-3-7B,blimp,28,0.5357142857142857
16,0.5027910447761194,0.4919850746268657,67000,Falcon-3-7B,base,Falcon-3-7B,blimp,28,0.5714285714285714
17,0.5048507462686568,0.4922835820895522,67000,Falcon-3-7B,base,Falcon-3-7B,blimp,28,0.6071428571428571
18,0.5042388059701493,0.4929253731343284,67000,Falcon-3-7B,base,Falcon-3-7B,blimp,28,0.6428571428571429
19,0.5174328358208955,0.5065522388059701,67000,Falcon-3-7B,base,Falcon-3-7B,blimp,28,0.6785714285714286
20,0.5378208955223881,0.5266865671641792,67000,Falcon-3-7B,base,Falcon-3-7B,blimp,28,0.7142857142857143
21,0.5598208955223881,0.5500746268656715,67000,Falcon-3-7B,base,Falcon-3-7B,blimp,28,0.75
22,0.5780149253731343,0.5672686567164179,67000,Falcon-3-7B,base,Falcon-3-7B,blimp,28,0.7857142857142857
23,0.598865671641791,0.5854626865671642,67000,Falcon-3-7B,base,Falcon-3-7B,blimp,28,0.8214285714285714
24,0.610955223880597,0.5982238805970149,67000,Falcon-3-7B,base,Falcon-3-7B,blimp,28,0.8571428571428571
25,0.6287164179104477,0.615044776119403,67000,Falcon-3-7B,base,Falcon-3-7B,blimp,28,0.8928571428571429
26,0.6607611940298508,0.6463731343283582,67000,Falcon-3-7B,base,Falcon-3-7B,blimp,28,0.9285714285714286
27,0.725865671641791,0.7136716417910448,67000,Falcon-3-7B,base,Falcon-3-7B,blimp,28,0.9642857142857143
28,0.8095970149253732,0.7993432835820895,67000,Falcon-3-7B,base,Falcon-3-7B,blimp,28,1.0
1,0.4567901234567901,0.42158207590306357,4374,Falcon-3-7B,base,Falcon-3-7B,ewok,28,0.03571428571428571
2,0.41586648376771834,0.38614540466392316,4374,Falcon-3-7B,base,Falcon-3-7B,ewok,28,0.07142857142857142
3,0.41037951531778694,0.3950617283950617,4374,Falcon-3-7B,base,Falcon-3-7B,ewok,28,0.10714285714285714
4,0.4275262917238226,0.40077732053040693,4374,Falcon-3-7B,base,Falcon-3-7B,ewok,28,0.14285714285714285
5,0.43872885230909925,0.401920438957476,4374,Falcon-3-7B,base,Falcon-3-7B,ewok,28,0.17857142857142858
6,0.4192958390489255,0.395976223136717,4374,Falcon-3-7B,base,Falcon-3-7B,ewok,28,0.21428571428571427
7,0.423411065386374,0.40169181527206216,4374,Falcon-3-7B,base,Falcon-3-7B,ewok,28,0.25
8,0.42455418381344306,0.4053497942386831,4374,Falcon-3-7B,base,Falcon-3-7B,ewok,28,0.2857142857142857
9,0.4355281207133059,0.4108367626886145,4374,Falcon-3-7B,base,Falcon-3-7B,ewok,28,0.32142857142857145
10,0.44238683127572015,0.41838134430727025,4374,Falcon-3-7B,base,Falcon-3-7B,ewok,28,0.35714285714285715
11,0.44215820759030633,0.423411065386374,4374,Falcon-3-7B,base,Falcon-3-7B,ewok,28,0.39285714285714285
12,0.44010059442158206,0.4131229995427526,4374,Falcon-3-7B,base,Falcon-3-7B,ewok,28,0.42857142857142855
13,0.4412437128486511,0.4147233653406493,4374,Falcon-3-7B,base,Falcon-3-7B,ewok,28,0.4642857142857143
14,0.44558756287151347,0.41975308641975306,4374,Falcon-3-7B,base,Falcon-3-7B,ewok,28,0.5
15,0.4460448102423411,0.42203932327389115,4374,Falcon-3-7B,base,Falcon-3-7B,ewok,28,0.5357142857142857
16,0.4540466392318244,0.42615454961133975,4374,Falcon-3-7B,base,Falcon-3-7B,ewok,28,0.5714285714285714
17,0.4515317786922725,0.42363968907178784,4374,Falcon-3-7B,base,Falcon-3-7B,ewok,28,0.6071428571428571
18,0.4453589391860997,0.422267946959305,4374,Falcon-3-7B,base,Falcon-3-7B,ewok,28,0.6428571428571429
19,0.43621399176954734,0.4099222679469593,4374,Falcon-3-7B,base,Falcon-3-7B,ewok,28,0.6785714285714286
20,0.44650205761316875,0.4224965706447188,4374,Falcon-3-7B,base,Falcon-3-7B,ewok,28,0.7142857142857143
21,0.49359853680841337,0.464106081390032,4374,Falcon-3-7B,base,Falcon-3-7B,ewok,28,0.75
22,0.49817101051668955,0.46753543667123915,4374,Falcon-3-7B,base,Falcon-3-7B,ewok,28,0.7857142857142857
23,0.5073159579332419,0.4874256973022405,4374,Falcon-3-7B,base,Falcon-3-7B,ewok,28,0.8214285714285714
24,0.5041152263374485,0.4913122999542753,4374,Falcon-3-7B,base,Falcon-3-7B,ewok,28,0.8571428571428571
25,0.5027434842249657,0.49039780521262005,4374,Falcon-3-7B,base,Falcon-3-7B,ewok,28,0.8928571428571429
26,0.5086877000457247,0.4954275262917238,4374,Falcon-3-7B,base,Falcon-3-7B,ewok,28,0.9285714285714286
27,0.5146319158664837,0.5052583447645176,4374,Falcon-3-7B,base,Falcon-3-7B,ewok,28,0.9642857142857143
28,0.5029721079103795,0.4819387288523091,4374,Falcon-3-7B,base,Falcon-3-7B,ewok,28,1.0
1,0.49343283582089553,0.4801940298507463,67000,Falcon-3-7B,it,Falcon-3-7B-it,blimp,28,0.03571428571428571
2,0.540179104477612,0.528179104477612,67000,Falcon-3-7B,it,Falcon-3-7B-it,blimp,28,0.07142857142857142
3,0.5712686567164179,0.5567462686567164,67000,Falcon-3-7B,it,Falcon-3-7B-it,blimp,28,0.10714285714285714
4,0.5774328358208956,0.561955223880597,67000,Falcon-3-7B,it,Falcon-3-7B-it,blimp,28,0.14285714285714285
5,0.5709701492537314,0.5584029850746268,67000,Falcon-3-7B,it,Falcon-3-7B-it,blimp,28,0.17857142857142858
6,0.5898955223880598,0.5786119402985075,67000,Falcon-3-7B,it,Falcon-3-7B-it,blimp,28,0.21428571428571427
7,0.584910447761194,0.5739552238805969,67000,Falcon-3-7B,it,Falcon-3-7B-it,blimp,28,0.25
8,0.6023582089552239,0.5926268656716418,67000,Falcon-3-7B,it,Falcon-3-7B-it,blimp,28,0.2857142857142857
9,0.6402388059701493,0.632268656716418,67000,Falcon-3-7B,it,Falcon-3-7B-it,blimp,28,0.32142857142857145
10,0.6248358208955224,0.6160597014925374,67000,Falcon-3-7B,it,Falcon-3-7B-it,blimp,28,0.35714285714285715
11,0.6124925373134328,0.6053582089552239,67000,Falcon-3-7B,it,Falcon-3-7B-it,blimp,28,0.39285714285714285
12,0.6137611940298507,0.605955223880597,67000,Falcon-3-7B,it,Falcon-3-7B-it,blimp,28,0.42857142857142855
13,0.6161343283582089,0.6087164179104477,67000,Falcon-3-7B,it,Falcon-3-7B-it,blimp,28,0.4642857142857143
14,0.6207462686567164,0.6123283582089551,67000,Falcon-3-7B,it,Falcon-3-7B-it,blimp,28,0.5
15,0.6033283582089553,0.5959104477611941,67000,Falcon-3-7B,it,Falcon-3-7B-it,blimp,28,0.5357142857142857
16,0.6171641791044776,0.609910447761194,67000,Falcon-3-7B,it,Falcon-3-7B-it,blimp,28,0.5714285714285714
17,0.6142835820895521,0.6062089552238806,67000,Falcon-3-7B,it,Falcon-3-7B-it,blimp,28,0.6071428571428571
18,0.6090895522388059,0.6019850746268657,67000,Falcon-3-7B,it,Falcon-3-7B-it,blimp,28,0.6428571428571429
19,0.597044776119403,0.5865820895522388,67000,Falcon-3-7B,it,Falcon-3-7B-it,blimp,28,0.6785714285714286
20,0.6104925373134328,0.5972537313432835,67000,Falcon-3-7B,it,Falcon-3-7B-it,blimp,28,0.7142857142857143
21,0.612910447761194,0.6044626865671642,67000,Falcon-3-7B,it,Falcon-3-7B-it,blimp,28,0.75
22,0.6193731343283582,0.6126716417910447,67000,Falcon-3-7B,it,Falcon-3-7B-it,blimp,28,0.7857142857142857
23,0.6321194029850746,0.6213432835820896,67000,Falcon-3-7B,it,Falcon-3-7B-it,blimp,28,0.8214285714285714
24,0.6380746268656716,0.6269850746268657,67000,Falcon-3-7B,it,Falcon-3-7B-it,blimp,28,0.8571428571428571
25,0.6431492537313434,0.6317014925373134,67000,Falcon-3-7B,it,Falcon-3-7B-it,blimp,28,0.8928571428571429
26,0.6713134328358209,0.6621940298507463,67000,Falcon-3-7B,it,Falcon-3-7B-it,blimp,28,0.9285714285714286
27,0.6981641791044776,0.6868208955223881,67000,Falcon-3-7B,it,Falcon-3-7B-it,blimp,28,0.9642857142857143
28,0.7976417910447762,0.7846716417910448,67000,Falcon-3-7B,it,Falcon-3-7B-it,blimp,28,1.0
1,0.438957475994513,0.4012345679012346,4374,Falcon-3-7B,it,Falcon-3-7B-it,ewok,28,0.03571428571428571
2,0.45564700502972105,0.4147233653406493,4374,Falcon-3-7B,it,Falcon-3-7B-it,ewok,28,0.07142857142857142
3,0.47005029721079106,0.42135345221764975,4374,Falcon-3-7B,it,Falcon-3-7B-it,ewok,28,0.10714285714285714
4,0.4695930498399634,0.4131229995427526,4374,Falcon-3-7B,it,Falcon-3-7B-it,ewok,28,0.14285714285714285
5,0.4586191129401006,0.41838134430727025,4374,Falcon-3-7B,it,Falcon-3-7B-it,ewok,28,0.17857142857142858
6,0.46822130772748055,0.43438500228623683,4374,Falcon-3-7B,it,Falcon-3-7B-it,ewok,28,0.21428571428571427
7,0.4750800182898948,0.4359853680841335,4374,Falcon-3-7B,it,Falcon-3-7B-it,ewok,28,0.25
8,0.46273433927754914,0.4382716049382716,4374,Falcon-3-7B,it,Falcon-3-7B-it,ewok,28,0.2857142857142857
9,0.4757658893461363,0.4631915866483768,4374,Falcon-3-7B,it,Falcon-3-7B-it,ewok,28,0.32142857142857145
10,0.4702789208962048,0.4506172839506173,4374,Falcon-3-7B,it,Falcon-3-7B-it,ewok,28,0.35714285714285715
11,0.48239597622313674,0.45518975765889347,4374,Falcon-3-7B,it,Falcon-3-7B-it,ewok,28,0.39285714285714285
12,0.47302240512117055,0.45427526291723824,4374,Falcon-3-7B,it,Falcon-3-7B-it,ewok,28,0.42857142857142855
13,0.48102423411065387,0.4563328760859625,4374,Falcon-3-7B,it,Falcon-3-7B-it,ewok,28,0.4642857142857143
14,0.48399634202103337,0.4561042524005487,4374,Falcon-3-7B,it,Falcon-3-7B-it,ewok,28,0.5
15,0.4743941472336534,0.454503886602652,4374,Falcon-3-7B,it,Falcon-3-7B-it,ewok,28,0.5357142857142857
16,0.4945130315500686,0.47759487882944673,4374,Falcon-3-7B,it,Falcon-3-7B-it,ewok,28,0.5714285714285714
17,0.49314128943758573,0.479652491998171,4374,Falcon-3-7B,it,Falcon-3-7B-it,ewok,28,0.6071428571428571
18,0.4890260631001372,0.47005029721079106,4374,Falcon-3-7B,it,Falcon-3-7B-it,ewok,28,0.6428571428571429
19,0.4739368998628258,0.45496113397347965,4374,Falcon-3-7B,it,Falcon-3-7B-it,ewok,28,0.6785714285714286
20,0.4817101051668953,0.4673068129858253,4374,Falcon-3-7B,it,Falcon-3-7B-it,ewok,28,0.7142857142857143
21,0.49954275262917236,0.4794238683127572,4374,Falcon-3-7B,it,Falcon-3-7B-it,ewok,28,0.75
22,0.5176040237768633,0.49657064471879286,4374,Falcon-3-7B,it,Falcon-3-7B-it,ewok,28,0.7857142857142857
23,0.5233196159122085,0.5018289894833105,4374,Falcon-3-7B,it,Falcon-3-7B-it,ewok,28,0.8214285714285714
24,0.5272062185642432,0.5148605395518976,4374,Falcon-3-7B,it,Falcon-3-7B-it,ewok,28,0.8571428571428571
25,0.5288065843621399,0.5173754000914494,4374,Falcon-3-7B,it,Falcon-3-7B-it,ewok,28,0.8928571428571429
26,0.5299497027892089,0.5281207133058985,4374,Falcon-3-7B,it,Falcon-3-7B-it,ewok,28,0.9285714285714286
27,0.5269775948788294,0.5313214449016919,4374,Falcon-3-7B,it,Falcon-3-7B-it,ewok,28,0.9642857142857143
28,0.510745313214449,0.49519890260631,4374,Falcon-3-7B,it,Falcon-3-7B-it,ewok,28,1.0
1,0.22297014925373135,0.17928358208955225,67000,Olmo-3-7B,base,Olmo-3-7B,blimp,32,0.03125
2,0.24817910447761193,0.20361194029850746,67000,Olmo-3-7B,base,Olmo-3-7B,blimp,32,0.0625
3,0.2749701492537313,0.2387313432835821,67000,Olmo-3-7B,base,Olmo-3-7B,blimp,32,0.09375
4,0.3072089552238806,0.2735820895522388,67000,Olmo-3-7B,base,Olmo-3-7B,blimp,32,0.125
5,0.3511492537313433,0.32058208955223877,67000,Olmo-3-7B,base,Olmo-3-7B,blimp,32,0.15625
6,0.38458208955223877,0.3577761194029851,67000,Olmo-3-7B,base,Olmo-3-7B,blimp,32,0.1875
7,0.4258507462686567,0.4034477611940298,67000,Olmo-3-7B,base,Olmo-3-7B,blimp,32,0.21875
8,0.44965671641791044,0.4261044776119403,67000,Olmo-3-7B,base,Olmo-3-7B,blimp,32,0.25
9,0.4510149253731343,0.4293134328358209,67000,Olmo-3-7B,base,Olmo-3-7B,blimp,32,0.28125
10,0.4695074626865672,0.44765671641791044,67000,Olmo-3-7B,base,Olmo-3-7B,blimp,32,0.3125
11,0.49653731343283586,0.4798507462686567,67000,Olmo-3-7B,base,Olmo-3-7B,blimp,32,0.34375
12,0.5005671641791044,0.4858059701492537,67000,Olmo-3-7B,base,Olmo-3-7B,blimp,32,0.375
13,0.5248805970149254,0.5138358208955224,67000,Olmo-3-7B,base,Olmo-3-7B,blimp,32,0.40625
14,0.5325671641791045,0.5205522388059702,67000,Olmo-3-7B,base,Olmo-3-7B,blimp,32,0.4375
15,0.5566865671641791,0.546134328358209,67000,Olmo-3-7B,base,Olmo-3-7B,blimp,32,0.46875
16,0.5851791044776119,0.5766567164179105,67000,Olmo-3-7B,base,Olmo-3-7B,blimp,32,0.5
17,0.6078208955223882,0.6027164179104477,67000,Olmo-3-7B,base,Olmo-3-7B,blimp,32,0.53125
18,0.6327014925373134,0.6287611940298508,67000,Olmo-3-7B,base,Olmo-3-7B,blimp,32,0.5625
19,0.6544925373134328,0.6504179104477612,67000,Olmo-3-7B,base,Olmo-3-7B,blimp,32,0.59375
20,0.6645074626865671,0.6622835820895522,67000,Olmo-3-7B,base,Olmo-3-7B,blimp,32,0.625
21,0.682134328358209,0.6777910447761194,67000,Olmo-3-7B,base,Olmo-3-7B,blimp,32,0.65625
22,0.6893582089552238,0.6861492537313433,67000,Olmo-3-7B,base,Olmo-3-7B,blimp,32,0.6875
23,0.7034477611940299,0.7007014925373135,67000,Olmo-3-7B,base,Olmo-3-7B,blimp,32,0.71875
24,0.7257462686567164,0.7234179104477612,67000,Olmo-3-7B,base,Olmo-3-7B,blimp,32,0.75
25,0.7355820895522388,0.7302686567164178,67000,Olmo-3-7B,base,Olmo-3-7B,blimp,32,0.78125
26,0.739776119402985,0.7337164179104477,67000,Olmo-3-7B,base,Olmo-3-7B,blimp,32,0.8125
27,0.7431194029850746,0.7364477611940299,67000,Olmo-3-7B,base,Olmo-3-7B,blimp,32,0.84375
28,0.7513432835820896,0.7416119402985075,67000,Olmo-3-7B,base,Olmo-3-7B,blimp,32,0.875
29,0.7480149253731343,0.7337462686567164,67000,Olmo-3-7B,base,Olmo-3-7B,blimp,32,0.90625
30,0.755268656716418,0.7341194029850746,67000,Olmo-3-7B,base,Olmo-3-7B,blimp,32,0.9375
31,0.7837164179104478,0.761044776119403,67000,Olmo-3-7B,base,Olmo-3-7B,blimp,32,0.96875
32,0.8233432835820895,0.799134328358209,67000,Olmo-3-7B,base,Olmo-3-7B,blimp,32,1.0
1,0.3216735253772291,0.15020576131687244,4374,Olmo-3-7B,base,Olmo-3-7B,ewok,32,0.03125
2,0.3324188385916781,0.18244170096021947,4374,Olmo-3-7B,base,Olmo-3-7B,ewok,32,0.0625
3,0.3406492912665752,0.20210333790580703,4374,Olmo-3-7B,base,Olmo-3-7B,ewok,32,0.09375
4,0.34316415180612714,0.2085048010973937,4374,Olmo-3-7B,base,Olmo-3-7B,ewok,32,0.125
5,0.34910836762688613,0.21696387745770462,4374,Olmo-3-7B,base,Olmo-3-7B,ewok,32,0.15625
6,0.3575674439871971,0.22816643804298126,4374,Olmo-3-7B,base,Olmo-3-7B,ewok,32,0.1875
7,0.370827617741198,0.27023319615912206,4374,Olmo-3-7B,base,Olmo-3-7B,ewok,32,0.21875
8,0.37585733882030176,0.26474622770919065,4374,Olmo-3-7B,base,Olmo-3-7B,ewok,32,0.25
9,0.3893461362597165,0.2885230909922268,4374,Olmo-3-7B,base,Olmo-3-7B,ewok,32,0.28125
10,0.4014631915866484,0.3045267489711934,4374,Olmo-3-7B,base,Olmo-3-7B,ewok,32,0.3125
11,0.40557841792409693,0.314586191129401,4374,Olmo-3-7B,base,Olmo-3-7B,ewok,32,0.34375
12,0.42135345221764975,0.3303612254229538,4374,Olmo-3-7B,base,Olmo-3-7B,ewok,32,0.375
13,0.43461362597165065,0.3420210333790581,4374,Olmo-3-7B,base,Olmo-3-7B,ewok,32,0.40625
14,0.43141289437585734,0.3477366255144033,4374,Olmo-3-7B,base,Olmo-3-7B,ewok,32,0.4375
15,0.452217649748514,0.35665294924554186,4374,Olmo-3-7B,base,Olmo-3-7B,ewok,32,0.46875
16,0.4430727023319616,0.3628257887517147,4374,Olmo-3-7B,base,Olmo-3-7B,ewok,32,0.5
17,0.4686785550983082,0.38705989940557844,4374,Olmo-3-7B,base,Olmo-3-7B,ewok,32,0.53125
18,0.4849108367626886,0.39803383630544126,4374,Olmo-3-7B,base,Olmo-3-7B,ewok,32,0.5625
19,0.4967992684042067,0.4199817101051669,4374,Olmo-3-7B,base,Olmo-3-7B,ewok,32,0.59375
20,0.5050297210791038,0.43438500228623683,4374,Olmo-3-7B,base,Olmo-3-7B,ewok,32,0.625
21,0.5041152263374485,0.4327846364883402,4374,Olmo-3-7B,base,Olmo-3-7B,ewok,32,0.65625
22,0.5064014631915866,0.43461362597165065,4374,Olmo-3-7B,base,Olmo-3-7B,ewok,32,0.6875
23,0.5105166895290352,0.44398719707361683,4374,Olmo-3-7B,base,Olmo-3-7B,ewok,32,0.71875
24,0.5098308184727938,0.44787379972565156,4374,Olmo-3-7B,base,Olmo-3-7B,ewok,32,0.75
25,0.5139460448102423,0.4538180155464106,4374,Olmo-3-7B,base,Olmo-3-7B,ewok,32,0.78125
26,0.5134887974394147,0.453360768175583,4374,Olmo-3-7B,base,Olmo-3-7B,ewok,32,0.8125
27,0.50480109739369,0.452217649748514,4374,Olmo-3-7B,base,Olmo-3-7B,ewok,32,0.84375
28,0.49634202103337904,0.4529035208047554,4374,Olmo-3-7B,base,Olmo-3-7B,ewok,32,0.875
29,0.49085505258344764,0.44878829446730684,4374,Olmo-3-7B,base,Olmo-3-7B,ewok,32,0.90625
30,0.48308184727937814,0.45724737082761774,4374,Olmo-3-7B,base,Olmo-3-7B,ewok,32,0.9375
31,0.49016918152720623,0.46684956561499774,4374,Olmo-3-7B,base,Olmo-3-7B,ewok,32,0.96875
32,0.4997713763145862,0.4693644261545496,4374,Olmo-3-7B,base,Olmo-3-7B,ewok,32,1.0
1,0.21213432835820897,0.16344776119402984,67000,Olmo-3-7B,it,Olmo-3-7B-it,blimp,32,0.03125
2,0.22744776119402987,0.18341791044776118,67000,Olmo-3-7B,it,Olmo-3-7B-it,blimp,32,0.0625
3,0.246955223880597,0.20338805970149254,67000,Olmo-3-7B,it,Olmo-3-7B-it,blimp,32,0.09375
4,0.2688507462686567,0.22835820895522388,67000,Olmo-3-7B,it,Olmo-3-7B-it,blimp,32,0.125
5,0.29986567164179107,0.2640149253731343,67000,Olmo-3-7B,it,Olmo-3-7B-it,blimp,32,0.15625
6,0.33307462686567163,0.29813432835820897,67000,Olmo-3-7B,it,Olmo-3-7B-it,blimp,32,0.1875
7,0.36335820895522386,0.32925373134328356,67000,Olmo-3-7B,it,Olmo-3-7B-it,blimp,32,0.21875
8,0.3950149253731343,0.36447761194029854,67000,Olmo-3-7B,it,Olmo-3-7B-it,blimp,32,0.25
9,0.3921044776119403,0.3577164179104477,67000,Olmo-3-7B,it,Olmo-3-7B-it,blimp,32,0.28125
10,0.421910447761194,0.39534328358208953,67000,Olmo-3-7B,it,Olmo-3-7B-it,blimp,32,0.3125
11,0.4782686567164179,0.4545373134328358,67000,Olmo-3-7B,it,Olmo-3-7B-it,blimp,32,0.34375
12,0.4702985074626866,0.4462238805970149,67000,Olmo-3-7B,it,Olmo-3-7B-it,blimp,32,0.375
13,0.4734626865671642,0.4508805970149254,67000,Olmo-3-7B,it,Olmo-3-7B-it,blimp,32,0.40625
14,0.47776119402985073,0.45838805970149255,67000,Olmo-3-7B,it,Olmo-3-7B-it,blimp,32,0.4375
15,0.514134328358209,0.4947164179104478,67000,Olmo-3-7B,it,Olmo-3-7B-it,blimp,32,0.46875
16,0.5400298507462686,0.5215223880597015,67000,Olmo-3-7B,it,Olmo-3-7B-it,blimp,32,0.5
17,0.5605522388059702,0.5433880597014926,67000,Olmo-3-7B,it,Olmo-3-7B-it,blimp,32,0.53125
18,0.571,0.5547014925373134,67000,Olmo-3-7B,it,Olmo-3-7B-it,blimp,32,0.5625
19,0.5783283582089552,0.5618059701492537,67000,Olmo-3-7B,it,Olmo-3-7B-it,blimp,32,0.59375
20,0.5940149253731343,0.577955223880597,67000,Olmo-3-7B,it,Olmo-3-7B-it,blimp,32,0.625
21,0.5996417910447761,0.5827014925373134,67000,Olmo-3-7B,it,Olmo-3-7B-it,blimp,32,0.65625
22,0.6259402985074627,0.6106268656716418,67000,Olmo-3-7B,it,Olmo-3-7B-it,blimp,32,0.6875
23,0.6492985074626866,0.6359850746268656,67000,Olmo-3-7B,it,Olmo-3-7B-it,blimp,32,0.71875
24,0.6649253731343283,0.6511641791044777,67000,Olmo-3-7B,it,Olmo-3-7B-it,blimp,32,0.75
25,0.6736865671641791,0.6598955223880597,67000,Olmo-3-7B,it,Olmo-3-7B-it,blimp,32,0.78125
26,0.6695522388059701,0.656,67000,Olmo-3-7B,it,Olmo-3-7B-it,blimp,32,0.8125
27,0.673223880597015,0.6593432835820896,67000,Olmo-3-7B,it,Olmo-3-7B-it,blimp,32,0.84375
28,0.6894626865671643,0.6747761194029851,67000,Olmo-3-7B,it,Olmo-3-7B-it,blimp,32,0.875
29,0.6942985074626866,0.678223880597015,67000,Olmo-3-7B,it,Olmo-3-7B-it,blimp,32,0.90625
30,0.6941194029850747,0.6785671641791045,67000,Olmo-3-7B,it,Olmo-3-7B-it,blimp,32,0.9375
31,0.6981194029850747,0.6821044776119403,67000,Olmo-3-7B,it,Olmo-3-7B-it,blimp,32,0.96875
32,0.6753432835820895,0.6595074626865671,67000,Olmo-3-7B,it,Olmo-3-7B-it,blimp,32,1.0
1,0.3296753543667124,0.15706447187928668,4374,Olmo-3-7B,it,Olmo-3-7B-it,ewok,32,0.03125
2,0.32281664380429814,0.18884316415180613,4374,Olmo-3-7B,it,Olmo-3-7B-it,ewok,32,0.0625
3,0.32670324645633286,0.18221307727480568,4374,Olmo-3-7B,it,Olmo-3-7B-it,ewok,32,0.09375
4,0.3273891175125743,0.18175582990397804,4374,Olmo-3-7B,it,Olmo-3-7B-it,ewok,32,0.125
5,0.3374485596707819,0.17741197988111568,4374,Olmo-3-7B,it,Olmo-3-7B-it,ewok,32,0.15625
6,0.3427069044352995,0.216506630086877,4374,Olmo-3-7B,it,Olmo-3-7B-it,ewok,32,0.1875
7,0.3529949702789209,0.23822588020118884,4374,Olmo-3-7B,it,Olmo-3-7B-it,ewok,32,0.21875
8,0.35962505715592136,0.2686328303612254,4374,Olmo-3-7B,it,Olmo-3-7B-it,ewok,32,0.25
9,0.3770004572473708,0.28440786465477824,4374,Olmo-3-7B,it,Olmo-3-7B-it,ewok,32,0.28125
10,0.40054869684499317,0.2981252857796068,4374,Olmo-3-7B,it,Olmo-3-7B-it,ewok,32,0.3125
11,0.3946044810242341,0.31115683584819387,4374,Olmo-3-7B,it,Olmo-3-7B-it,ewok,32,0.34375
12,0.401920438957476,0.3161865569272977,4374,Olmo-3-7B,it,Olmo-3-7B-it,ewok,32,0.375
13,0.4021490626428898,0.31824417009602196,4374,Olmo-3-7B,it,Olmo-3-7B-it,ewok,32,0.40625
14,0.39871970736168266,0.3161865569272977,4374,Olmo-3-7B,it,Olmo-3-7B-it,ewok,32,0.4375
15,0.41426611796982166,0.3246456332876086,4374,Olmo-3-7B,it,Olmo-3-7B-it,ewok,32,0.46875
16,0.40352080475537266,0.3244170096021948,4374,Olmo-3-7B,it,Olmo-3-7B-it,ewok,32,0.5
17,0.43415637860082307,0.34407864654778236,4374,Olmo-3-7B,it,Olmo-3-7B-it,ewok,32,0.53125
18,0.4554183813443073,0.3710562414266118,4374,Olmo-3-7B,it,Olmo-3-7B-it,ewok,32,0.5625
19,0.4732510288065844,0.3989483310470965,4374,Olmo-3-7B,it,Olmo-3-7B-it,ewok,32,0.59375
20,0.47850937357110196,0.4071787837219936,4374,Olmo-3-7B,it,Olmo-3-7B-it,ewok,32,0.625
21,0.49314128943758573,0.4151806127114769,4374,Olmo-3-7B,it,Olmo-3-7B-it,ewok,32,0.65625
22,0.4942844078646548,0.41335162322816643,4374,Olmo-3-7B,it,Olmo-3-7B-it,ewok,32,0.6875
23,0.4997713763145862,0.423411065386374,4374,Olmo-3-7B,it,Olmo-3-7B-it,ewok,32,0.71875
24,0.5013717421124828,0.43644261545496116,4374,Olmo-3-7B,it,Olmo-3-7B-it,ewok,32,0.75
25,0.5217192501143119,0.46021947873799723,4374,Olmo-3-7B,it,Olmo-3-7B-it,ewok,32,0.78125
26,0.5212620027434842,0.4702789208962048,4374,Olmo-3-7B,it,Olmo-3-7B-it,ewok,32,0.8125
27,0.5176040237768633,0.46364883401920437,4374,Olmo-3-7B,it,Olmo-3-7B-it,ewok,32,0.84375
28,0.5178326474622771,0.4657064471879287,4374,Olmo-3-7B,it,Olmo-3-7B-it,ewok,32,0.875
29,0.5075445816186557,0.4670781893004115,4374,Olmo-3-7B,it,Olmo-3-7B-it,ewok,32,0.90625
30,0.5073159579332419,0.4732510288065844,4374,Olmo-3-7B,it,Olmo-3-7B-it,ewok,32,0.9375
31,0.5073159579332419,0.4718792866941015,4374,Olmo-3-7B,it,Olmo-3-7B-it,ewok,32,0.96875
32,0.5130315500685871,0.4867398262459991,4374,Olmo-3-7B,it,Olmo-3-7B-it,ewok,32,1.0
